Date,Close,High,Low,Open,Volume,MA7,MA30,Return_Harian
2020-01-02,1524.5,1528.699951171875,1518.0,1518.0999755859375,214,,,
2020-01-03,1549.199951171875,1552.699951171875,1530.0999755859375,1530.0999755859375,107,,,1.6202001424647339
2020-01-06,1566.199951171875,1580.0,1560.4000244140625,1580.0,416,,,1.0973405974574524
2020-01-07,1571.800048828125,1576.300048828125,1558.300048828125,1558.300048828125,47,,,0.3575595601353454
2020-01-08,1557.4000244140625,1604.199951171875,1552.300048828125,1579.699951171875,236,,,-0.9161486173001832
2020-01-09,1551.699951171875,1555.699951171875,1543.300048828125,1555.699951171875,54,,,-0.36599930350791343
2020-01-10,1557.5,1558.800048828125,1545.4000244140625,1551.199951171875,16,1554.0428466796875,,0.3737867507016768
2020-01-13,1548.4000244140625,1558.0,1548.4000244140625,1557.4000244140625,48,1557.4571358816963,,-0.5842680954052937
2020-01-14,1542.4000244140625,1546.699951171875,1534.9000244140625,1546.699951171875,32,1556.4857177734375,,-0.38749676475047234
2020-01-15,1552.0999755859375,1553.9000244140625,1545.5999755859375,1548.0,11,1554.471435546875,,0.6288868658155033
2020-01-16,1549.0,1556.0999755859375,1548.5,1555.699951171875,98,1551.2142857142858,,-0.1997278290509108
2020-01-17,1558.800048828125,1558.800048828125,1553.5999755859375,1554.0999755859375,108,1551.4142892020088,,0.6326693885167822
2020-01-21,1556.4000244140625,1566.199951171875,1551.0,1559.300048828125,45,1552.085728236607,,-0.1539661495306488
2020-01-22,1555.300048828125,1557.0999755859375,1549.800048828125,1549.800048828125,42,1551.771449497768,,-0.0706743490544226
2020-01-23,1564.5999755859375,1564.5999755859375,1552.199951171875,1553.0999755859375,15,1554.085728236607,,0.5979506504111276
2020-01-24,1571.0999755859375,1571.0999755859375,1556.300048828125,1556.300048828125,43,1558.1857212611608,,0.41544165290976487
2020-01-27,1576.800048828125,1584.5,1576.800048828125,1584.300048828125,22,1561.7143031529017,,0.36280779904294125
2020-01-28,1569.199951171875,1576.4000244140625,1569.199951171875,1576.4000244140625,3,1564.6000104631696,,-0.4819950165462217
2020-01-29,1569.800048828125,1569.800048828125,1569.800048828125,1569.800048828125,251274,1566.1714390345983,,0.0382422683483874
2020-01-30,1583.5,1585.0,1571.4000244140625,1576.800048828125,62336,1570.0428641183037,,0.8727195022131706
2020-01-31,1582.9000244140625,1589.0,1570.0,1573.4000244140625,1095,1573.9857177734375,,-0.037889206563779254
2020-02-03,1577.199951171875,1593.300048828125,1568.199951171875,1592.9000244140625,1062,1575.7857142857142,,-0.3601031748229011
2020-02-04,1550.4000244140625,1577.699951171875,1547.800048828125,1577.699951171875,978,1572.828578404018,,-1.699209205395924
2020-02-05,1557.800048828125,1560.699951171875,1547.699951171875,1553.199951171875,1305,1570.114292689732,,0.47729774880900244
2020-02-06,1565.0999755859375,1565.5999755859375,1551.5999755859375,1553.5999755859375,110,1569.5285818917412,,0.46860486127882073
2020-02-07,1568.5999755859375,1571.9000244140625,1560.5,1564.9000244140625,431,1569.357142857143,,0.22362788669072486
2020-02-10,1574.699951171875,1574.699951171875,1568.5999755859375,1569.300048828125,128,1568.0999930245537,,0.3888802550604975
2020-02-11,1565.5999755859375,1571.0999755859375,1561.9000244140625,1570.9000244140625,440,1565.6285574776787,,-0.5778863191787997
2020-02-12,1567.4000244140625,1568.699951171875,1561.0,1565.199951171875,36,1564.2285679408483,,0.11497501636401619
2020-02-13,1575.0999755859375,1575.0999755859375,1570.199951171875,1570.199951171875,74,1567.7571323939733,1562.0166666666667,0.4912562876061788
2020-02-14,1582.699951171875,1582.699951171875,1574.800048828125,1575.800048828125,68,1571.3142613002233,1563.9566650390625,0.4825075045227001
2020-02-18,1600.0,1604.300048828125,1579.800048828125,1579.800048828125,310,1576.2999790736608,1565.65,1.09307192530812
2020-02-19,1607.5,1610.5,1599.699951171875,1600.5999755859375,542,1581.8571254185267,1567.0266682942708,0.46874999999999556
2020-02-20,1616.5999755859375,1621.0,1603.0,1606.5,117,1587.8428431919642,1568.519999186198,0.566094904257386
2020-02-21,1644.5999755859375,1645.0,1619.300048828125,1619.300048828125,186,1599.1285574776787,1571.4266642252603,1.7320302129691267
2020-02-24,1672.4000244140625,1686.5999755859375,1650.0,1657.0,435,1614.1285574776787,1575.45,1.690383633759951
2020-02-25,1646.9000244140625,1653.699951171875,1632.300048828125,1645.0999755859375,409,1624.385707310268,1578.430000813802,-1.5247548210802098
2020-02-26,1640.0,1648.0999755859375,1636.4000244140625,1644.0,1990,1632.5714285714287,1581.4833333333333,-0.4189704482223999
2020-02-27,1640.0,1658.0,1638.5,1641.0999755859375,707,1638.2857142857142,1584.7366658528647,0.0
2020-02-28,1564.0999755859375,1642.5,1564.0999755859375,1640.300048828125,289,1632.0857107979912,1585.1366658528646,-4.628050269150153
2020-03-02,1592.300048828125,1608.300048828125,1574.300048828125,1583.9000244140625,537,1628.614292689732,1586.5800008138021,1.8029584861813719
2020-03-03,1642.0999755859375,1645.300048828125,1594.0,1594.5,610,1628.2571498325892,1589.3566650390626,3.127546645147916
2020-03-04,1641.0999755859375,1645.9000244140625,1631.300048828125,1645.4000244140625,83,1623.7857142857142,1592.1799967447917,-0.06089763198755538
2020-03-05,1666.4000244140625,1672.9000244140625,1637.199951171875,1637.300048828125,154,1626.5714285714287,1595.8833292643228,1.5416518922981348
2020-03-06,1670.800048828125,1686.199951171875,1647.199951171875,1670.800048828125,175,1630.971435546875,1599.4233317057292,0.2640437079691971
2020-03-09,1674.5,1701.5999755859375,1657.699951171875,1696.0999755859375,161,1635.9000069754463,1602.869999186198,0.22144787309947844
2020-03-10,1659.0999755859375,1674.5999755859375,1643.0,1671.5999755859375,48,1649.471435546875,1605.613330078125,-0.9196789736675148
2020-03-11,1641.4000244140625,1666.5,1635.0,1656.5999755859375,47,1656.4857177734375,1608.019999186198,-1.0668405420007354
2020-03-12,1589.300048828125,1647.5,1566.4000244140625,1637.0,256,1648.94287109375,1608.6699991861979,-3.1741181193497225
2020-03-13,1515.699951171875,1589.800048828125,1513.800048828125,1574.9000244140625,89,1631.0285818917412,1606.4099975585937,-4.630975611591981
2020-03-16,1485.9000244140625,1569.0999755859375,1452.0999755859375,1569.0999755859375,193,1605.2428676060267,1603.1766642252603,-1.9660835071461547
2020-03-17,1524.9000244140625,1537.699951171875,1469.300048828125,1469.300048828125,122,1584.4000069754463,1601.4333333333334,2.6246718728858642
2020-03-18,1477.300048828125,1542.0,1477.300048828125,1537.5,333,1556.2285853794642,1598.9966674804687,-3.1215145139910194
2020-03-19,1478.5999755859375,1491.5999755859375,1471.0,1481.5,262,1530.44287109375,1596.3566650390626,0.08799341466505517
2020-03-20,1484.0,1484.0,1483.5,1483.5,14,1507.9571533203125,1593.6533325195312,0.3652119912907814
2020-03-23,1567.0,1567.0,1490.199951171875,1505.300048828125,51,1504.7714320591517,1593.6,5.5929919137466255
2020-03-24,1660.199951171875,1685.5,1592.699951171875,1592.699951171875,442,1525.4142892020088,1596.45,5.947667592334072
2020-03-25,1632.300048828125,1676.5,1631.0999755859375,1676.5,476,1546.328578404018,1598.6733357747396,-1.6805145864542737
2020-03-26,1650.0999755859375,1660.5,1650.0999755859375,1660.5,3,1564.2142857142858,1601.430000813802,1.0904812978834055
2020-03-27,1623.9000244140625,1623.9000244140625,1623.9000244140625,1623.9000244140625,100638,1585.1571393694196,1603.0566691080728,-1.587779623023844
2020-03-30,1622.0,1652.800048828125,1607.199951171875,1641.199951171875,16389,1605.642857142857,1604.3666707356772,-0.11700378012791113
2020-03-31,1583.4000244140625,1621.0,1576.0,1618.699951171875,2874,1619.8428606305804,1603.813338216146,-2.3797765466052723
2020-04-01,1578.199951171875,1600.0,1570.0,1570.0,2158,1621.4428536551338,1602.836669921875,-0.32841184552284686
2020-04-02,1625.699951171875,1631.199951171875,1586.0,1590.9000244140625,1294,1616.5142822265625,1603.1400024414063,3.009758045216593
2020-04-03,1633.699951171875,1636.0,1619.800048828125,1624.5,643,1616.7142682756696,1602.7766682942708,0.49209572739625784
2020-04-06,1677.0,1696.699951171875,1625.9000244140625,1629.0999755859375,1063,1620.55712890625,1602.930000813802,2.6504284827250757
2020-04-07,1664.800048828125,1724.4000244140625,1658.0,1695.699951171875,1144,1626.3999895368304,1603.5266682942708,-0.7274866530635027
2020-04-08,1665.4000244140625,1677.0,1662.5,1669.699951171875,747,1632.5999930245537,1604.3733357747396,0.03603889766581325
2020-04-09,1736.199951171875,1736.199951171875,1662.699951171875,1662.699951171875,825,1654.4285539899554,1607.5800008138021,4.251226475316172
2020-04-13,1744.800048828125,1756.800048828125,1710.699951171875,1722.0,696,1678.2285679408483,1613.6033365885417,0.4953402775092375
2020-04-14,1756.699951171875,1775.0,1739.5,1756.800048828125,675,1696.9428536551338,1619.0833333333333,0.6820209772313124
2020-04-15,1727.199951171875,1744.9000244140625,1722.699951171875,1739.4000244140625,642,1710.2999965122767,1621.9199991861979,-1.6792850697309403
2020-04-16,1720.4000244140625,1750.5999755859375,1715.0,1731.0,162,1716.5,1624.5633341471355,-0.39369655801569925
2020-04-17,1689.199951171875,1725.0,1684.9000244140625,1715.699951171875,223,1719.9857003348213,1625.323331705729,-1.8135359683463026
2020-04-20,1701.5999755859375,1701.5999755859375,1680.0,1686.0,106,1725.1571219308037,1626.3499959309895,0.7340767684405947
2020-04-21,1678.199951171875,1707.0999755859375,1659.9000244140625,1697.0,666,1716.8714076450892,1626.4733276367188,-1.3751777591560432
2020-04-22,1728.699951171875,1728.699951171875,1684.800048828125,1696.0,453,1714.5713936941963,1628.7933268229167,3.0091765861830932
2020-04-23,1733.300048828125,1745.0999755859375,1733.300048828125,1734.0,482,1711.228550502232,1631.8566609700522,0.2661015668526945
2020-04-24,1723.5,1744.0,1714.5,1744.0,221,1710.699986049107,1636.3299926757813,-0.5653982895085452
2020-04-27,1711.9000244140625,1731.9000244140625,1711.9000244140625,1731.9000244140625,169,1709.4857003348213,1642.8699951171875,-0.6730476116006634
2020-04-28,1710.5,1716.5999755859375,1707.0999755859375,1716.5999755859375,1255,1712.528564453125,1650.3566609700522,-0.08178190280367925
2020-04-29,1703.4000244140625,1713.5,1702.0,1710.0,373,1712.7857142857142,1656.306660970052,-0.41508188166836657
2020-04-30,1684.199951171875,1719.300048828125,1680.800048828125,1719.300048828125,327,1713.642857142857,1663.2033243815104,-1.1271617334156159
2020-05-01,1694.5,1701.5,1670.5,1686.5999755859375,337,1708.7571498325892,1670.399991861979,0.6115692392080874
2020-05-04,1706.9000244140625,1709.0,1699.5999755859375,1702.5999755859375,320,1704.9857177734375,1677.8299926757813,0.7317807267077203
2020-05-05,1704.4000244140625,1704.4000244140625,1697.199951171875,1701.5,82,1702.2571498325892,1682.4099934895833,-0.14646434848216705
2020-05-06,1684.199951171875,1704.0,1684.199951171875,1704.0,469,1698.2999965122767,1683.2099934895834,-1.185172081250807
2020-05-07,1721.800048828125,1721.800048828125,1685.5999755859375,1686.199951171875,853,1699.9142892020088,1686.1933268229166,2.23251981631325
2020-05-08,1709.9000244140625,1728.9000244140625,1703.800048828125,1726.199951171875,330,1700.8428606305804,1688.186661783854,-0.6911385803573311
2020-05-11,1695.300048828125,1704.5,1690.199951171875,1702.300048828125,749,1702.4285888671875,1690.5666625976562,-0.8538496624058811
2020-05-12,1704.4000244140625,1713.0999755859375,1699.300048828125,1699.300048828125,324,1703.8428780691963,1693.313330078125,0.5367766957965925
2020-05-13,1713.9000244140625,1721.300048828125,1701.9000244140625,1702.0,431,1704.8428780691963,1697.663330078125,0.5573808885191767
2020-05-14,1738.0999755859375,1743.0999755859375,1720.5,1724.300048828125,672,1709.6571568080358,1702.9933308919271,1.411981494086767
2020-05-15,1753.4000244140625,1753.4000244140625,1739.699951171875,1739.699951171875,719,1719.5428815569196,1707.25,0.8802743825462089
2020-05-18,1731.800048828125,1770.5,1731.800048828125,1755.699951171875,229,1720.9714529854912,1710.5200032552084,-1.231890913949063
2020-05-19,1744.199951171875,1749.5,1744.199951171875,1744.199951171875,167,1725.8714425223213,1712.7600016276042,0.7160123567464316
2020-05-20,1750.5999755859375,1752.0999755859375,1745.5999755859375,1751.5999755859375,16,1733.7714320591517,1715.619999186198,0.36693180789062474
2020-05-21,1720.5,1746.800048828125,1720.5,1746.800048828125,528,1736.0714285714287,1717.4566650390625,-1.7194091172006765
2020-05-22,1734.5999755859375,1734.5999755859375,1726.5999755859375,1726.5999755859375,6,1739.028564453125,1717.4033325195312,0.8195277876162477
2020-05-26,1704.800048828125,1726.4000244140625,1704.800048828125,1726.4000244140625,39,1734.2714320591517,1716.069999186198,-1.7179711274783238
2020-05-27,1710.300048828125,1710.300048828125,1685.5999755859375,1685.5999755859375,137416,1728.114292689732,1714.5233357747395,0.3226184797320286
2020-05-28,1713.300048828125,1727.800048828125,1705.0,1709.300048828125,23355,1725.471435546875,1714.0600056966146,0.17540781818112805
2020-05-29,1736.9000244140625,1738.300048828125,1715.0999755859375,1718.800048828125,1526,1724.4285888671875,1714.6100056966145,1.3774572411924924
2020-06-01,1737.800048828125,1747.0,1727.0999755859375,1740.4000244140625,871,1722.6000279017858,1716.2300089518228,0.05181785948595863
2020-06-02,1725.199951171875,1745.5,1721.800048828125,1743.0,741,1723.271449497768,1717.0166748046875,-0.7250602659809369
2020-06-03,1697.800048828125,1726.300048828125,1684.5,1726.300048828125,2755,1718.0143171037946,1717.670011393229,-1.5882160398357326
2020-06-04,1718.9000244140625,1718.9000244140625,1694.5,1694.5,807,1720.028599330357,1717.3433471679687,1.2427833065796756
2020-06-05,1676.199951171875,1711.800048828125,1668.5999755859375,1711.800048828125,1502,1715.1571568080358,1715.440010579427,-2.484151063802742
2020-06-08,1698.300048828125,1699.4000244140625,1675.9000244140625,1679.0999755859375,587,1713.0142996651787,1714.6000122070313,1.3184642823070858
2020-06-09,1714.699951171875,1720.9000244140625,1692.0,1694.5999755859375,690,1709.8428606305804,1714.6933430989584,0.9656657759072873
2020-06-10,1713.300048828125,1740.800048828125,1711.9000244140625,1716.0999755859375,718,1706.3428606305804,1714.7866780598958,-0.08164124241055726
2020-06-11,1732.0,1744.0999755859375,1720.0,1737.199951171875,347,1707.3142961774554,1715.740010579427,1.0914580423122988
2020-06-12,1729.300048828125,1743.0,1724.9000244140625,1724.9000244140625,318,1711.8142961774554,1717.2433471679688,-0.15588632632073107
2020-06-15,1720.300048828125,1730.0,1703.300048828125,1730.0,188,1712.0142996651787,1718.1033487955729,-0.5204417825639296
2020-06-16,1729.5999755859375,1729.5999755859375,1722.4000244140625,1726.300048828125,22,1719.6428745814733,1718.8600138346353,0.5405991102626295
2020-06-17,1729.199951171875,1729.199951171875,1714.699951171875,1714.699951171875,51,1724.0571463448662,1719.686678059896,-0.023128146375406278
2020-06-18,1724.800048828125,1734.0999755859375,1717.300048828125,1730.5,110,1725.5000174386162,1721.0400146484376,-0.254447285912085
2020-06-19,1745.9000244140625,1750.699951171875,1723.5,1723.699951171875,1329,1730.1571568080358,1721.8433471679687,1.2233287910835555
2020-06-22,1756.699951171875,1767.5999755859375,1750.5,1755.199951171875,1356,1733.6857212611608,1723.4033447265624,0.6185879263869598
2020-06-23,1772.0999755859375,1776.300048828125,1754.199951171875,1755.4000244140625,666,1739.7999965122767,1725.9633422851562,0.8766451210856729
2020-06-24,1765.800048828125,1783.0999755859375,1764.5,1778.300048828125,961,1746.2999965122767,1728.010009765625,-0.3555062832010569
2020-06-25,1762.0999755859375,1764.800048828125,1759.800048828125,1761.699951171875,207,1750.9428536551338,1729.6166748046876,-0.20954089590399239
2020-06-26,1772.5,1772.5,1764.699951171875,1766.0,640,1757.1285749162946,1730.7633422851563,0.5902062628770022
2020-06-29,1774.800048828125,1780.199951171875,1774.300048828125,1779.800048828125,584,1764.2714320591517,1731.4766764322917,0.12976298043019252
2020-06-30,1793.0,1793.199951171875,1774.4000244140625,1777.300048828125,986,1771.0,1733.5166748046875,1.025464878924942
2020-07-01,1773.199951171875,1798.0,1765.800048828125,1793.5999755859375,331,1773.357142857143,1734.4833414713542,-1.104297201791693
2020-07-02,1784.0,1784.0,1768.699951171875,1773.4000244140625,215,1775.0571463448662,1735.5966756184896,0.6090711214483902
2020-07-06,1788.5,1790.0999755859375,1788.199951171875,1788.199951171875,172,1778.2999965122767,1737.8633422851562,0.2522421524663754
2020-07-07,1804.199951171875,1804.199951171875,1783.300048828125,1789.300048828125,751,1784.3142787388392,1740.1833414713542,0.8778278541724971
2020-07-08,1815.5,1817.9000244140625,1801.5,1801.5,209,1790.4571358816963,1743.87333984375,0.6263190962168652
2020-07-09,1799.199951171875,1819.800048828125,1799.199951171875,1816.0999755859375,396,1793.942836216518,1746.836669921875,-0.8978269803428862
2020-07-10,1798.199951171875,1805.5,1797.699951171875,1805.5,236,1794.6856863839287,1749.6666666666667,-0.055580259400778154
2020-07-13,1811.0,1811.0,1805.0,1805.0,164,1800.085693359375,1752.1366658528646,0.7118256687629998
2020-07-14,1810.5999755859375,1811.5,1791.0,1791.0,339,1803.8856898716517,1754.563330078125,-0.022088592714664124
2020-07-15,1811.4000244140625,1813.5,1806.0999755859375,1806.0999755859375,167,1807.1571219308037,1757.4366658528645,0.044186945703783564
2020-07-16,1798.699951171875,1810.9000244140625,1794.300048828125,1810.9000244140625,146,1806.3714076450892,1760.7999959309896,-0.7011191934976124
2020-07-17,1808.300048828125,1810.0999755859375,1798.5,1798.5,24,1805.3428431919642,1763.7799967447916,0.5337242406658893
2020-07-20,1815.9000244140625,1817.300048828125,1807.0,1807.0,89,1807.7285679408483,1768.4366658528645,0.42028288341100506
2020-07-21,1842.4000244140625,1842.4000244140625,1822.0,1822.0,117,1814.0428641183037,1773.2399983723958,1.4593314413633873
2020-07-22,1864.0999755859375,1867.0,1854.699951171875,1858.0999755859375,213,1821.6285749162946,1778.2199991861978,1.1778088842989476
2020-07-23,1889.0999755859375,1890.300048828125,1868.5,1868.699951171875,133,1832.8428606305804,1784.0799967447917,1.34112978528107
2020-07-24,1897.300048828125,1897.300048828125,1884.300048828125,1884.300048828125,474,1845.114292689732,1789.589998372396,0.4340730161538575
2020-07-27,1931.0,1938.0,1901.5,1901.699951171875,364,1864.0142996651787,1796.313330078125,1.7762056767294032
2020-07-28,1944.699951171875,1944.699951171875,1928.5999755859375,1931.5,825,1883.5,1803.7933268229167,0.7094744263011377
2020-07-29,1953.5,1953.5,1952.5999755859375,1953.199951171875,209835,1903.1571393694196,1811.256660970052,0.4525144777641543
2020-07-30,1942.300048828125,1965.0999755859375,1930.0,1963.4000244140625,28853,1917.4285714285713,1818.3599975585937,-0.5733274211351391
2020-07-31,1962.800048828125,1981.0999755859375,1948.0,1948.5999755859375,2914,1931.5285818917412,1826.293330891927,1.0554496980200723
2020-08-03,1966.0,1984.300048828125,1955.5,1984.300048828125,683,1942.5142996651787,1833.6299967447917,0.1630299109573352
2020-08-04,2001.199951171875,2016.199951171875,1968.800048828125,1971.0,2010,1957.357142857143,1841.7799967447916,1.790434952791209
2020-08-05,2031.0999755859375,2050.199951171875,2011.0,2024.0,1422,1971.6571393694196,1850.413330078125,1.494104794303719
2020-08-06,2051.5,2063.0,2040.0,2045.5,294,1986.9142892020088,1859.936661783854,1.0043830761298445
2020-08-07,2010.0999755859375,2055.0,2009.5999755859375,2040.0999755859375,808,1995.0,1868.2033284505208,-2.018036773778331
2020-08-10,2024.4000244140625,2043.800048828125,2017.5,2026.4000244140625,233,2006.7285679408483,1876.5999959309895,0.7114098304466854
2020-08-11,1932.5999755859375,2016.0,1904.0,2012.4000244140625,971,2002.414271763393,1881.8599934895833,-4.534679298608257
2020-08-12,1934.9000244140625,1946.5999755859375,1871.5999755859375,1923.0,404,1997.9714181082588,1886.5899943033853,0.11901318727005616
2020-08-13,1956.699951171875,1957.4000244140625,1916.9000244140625,1921.5,71,1991.6142752511162,1892.706660970052,1.1266694135483313
2020-08-14,1937.0,1947.4000244140625,1937.0,1938.699951171875,201,1978.171421595982,1897.806660970052,-1.0067946881726408
2020-08-17,1985.0,1985.0,1949.5999755859375,1949.5999755859375,97,1968.671421595982,1904.3566609700522,2.47805885389778
2020-08-18,1999.4000244140625,2002.800048828125,1972.0999755859375,2001.0999755859375,92,1967.142857142857,1910.863330078125,0.7254420359729119
2020-08-19,1958.699951171875,1980.0,1938.699951171875,1980.0,347,1957.7571323939733,1915.6366617838542,-2.0356143215570333
2020-08-20,1933.800048828125,1948.300048828125,1922.300048828125,1941.199951171875,106,1957.9285714285713,1920.1233317057292,-1.2712463860966805
2020-08-21,1934.5999755859375,1945.0,1908.9000244140625,1941.0,184,1957.885707310268,1924.6699991861979,0.041365536126503066
2020-08-24,1927.699951171875,1940.0,1922.199951171875,1930.199951171875,85,1953.7428501674108,1928.5599975585938,-0.356664142517249
2020-08-25,1911.800048828125,1928.5,1911.800048828125,1927.5,176,1950.142857142857,1931.9333333333334,-0.8248120945422155
2020-08-26,1940.699951171875,1950.800048828125,1909.699951171875,1909.699951171875,287,1943.8142787388392,1936.2433308919271,1.5116592533547024
2020-08-27,1921.5999755859375,1972.5,1921.5999755859375,1948.9000244140625,2303,1932.699986049107,1940.339998372396,-0.984179732390067
2020-08-28,1964.5999755859375,1971.300048828125,1922.5,1927.0999755859375,778,1933.5428466796875,1945.5499959309896,2.2377185962904944
2020-08-31,1967.5999755859375,1971.300048828125,1953.300048828125,1970.0,158,1938.3714076450892,1950.6066609700522,0.15270284217046015
2020-09-01,1968.199951171875,1986.300048828125,1961.699951171875,1961.699951171875,186,1943.1714041573662,1954.7999918619792,0.03049276242030885
2020-09-02,1934.4000244140625,1967.300048828125,1934.4000244140625,1967.300048828125,71,1944.1285574776787,1957.1433268229166,-1.7173014732414726
2020-09-03,1927.5999755859375,1938.800048828125,1923.0,1937.0999755859375,179,1946.3856898716517,1958.42666015625,-0.3515327100031884
2020-09-04,1923.9000244140625,1939.699951171875,1917.699951171875,1927.9000244140625,607,1943.9857003348213,1959.3133260091147,-0.19194600636733838
2020-09-08,1933.0,1937.9000244140625,1903.0999755859375,1930.9000244140625,271,1945.6142752511162,1959.3799926757813,0.4729962820551936
2020-09-09,1944.699951171875,1946.199951171875,1924.5999755859375,1926.9000244140625,219,1942.7714146205358,1959.3799926757813,0.6052742458290128
2020-09-10,1954.199951171875,1962.699951171875,1944.0999755859375,1944.0999755859375,722,1940.8571254185267,1959.4033243815104,0.4885072370303334
2020-09-11,1937.800048828125,1949.5,1937.800048828125,1944.0,73,1936.5142822265625,1959.2533243815103,-0.8392131180801399
2020-09-14,1953.0999755859375,1953.0999755859375,1943.0,1946.300048828125,55,1939.1857038225446,1958.9299886067708,0.789551366100194
2020-09-15,1956.300048828125,1968.5,1955.800048828125,1955.800048828125,74,1943.2857142857142,1958.6066569010416,0.16384584927493506
2020-09-16,1960.199951171875,1961.4000244140625,1956.699951171875,1961.300048828125,124,1948.4714181082588,1957.239990234375,0.19935093014418204
2020-09-17,1940.0,1946.0,1933.699951171875,1939.0,67,1949.4714181082588,1954.2033243815104,-1.0305046258060946
2020-09-18,1952.0999755859375,1952.0999755859375,1949.0,1950.5,38,1950.528564453125,1950.889990234375,0.6237100817493513
2020-09-21,1901.199951171875,1946.199951171875,1883.4000244140625,1946.199951171875,52,1942.9571358816963,1947.259989420573,-2.6074496721810836
2020-09-22,1898.5999755859375,1913.0999755859375,1898.5999755859375,1913.0999755859375,331,1937.3571254185267,1943.0666544596354,-0.13675445259373475
2020-09-23,1859.9000244140625,1875.5,1859.9000244140625,1875.5,5,1924.0428466796875,1940.6433227539062,-2.038341497393714
2020-09-24,1868.300048828125,1868.300048828125,1851.5,1851.5,365,1911.4714181082588,1938.4233235677084,0.45163849152101143
2020-09-25,1857.699951171875,1857.699951171875,1856.300048828125,1856.300048828125,4,1896.8285609654017,1935.1233235677084,-0.5673659144257326
2020-09-28,1872.800048828125,1872.800048828125,1872.800048828125,1872.800048828125,10455,1887.2285679408483,1932.9833251953125,0.812838351356171
2020-09-29,1894.300048828125,1895.4000244140625,1872.4000244140625,1876.5,3283,1878.971435546875,1929.9599934895834,1.148013639440748
2020-09-30,1887.5,1899.699951171875,1879.800048828125,1893.0,600,1877.0142996651787,1926.2299926757812,-0.3589742201786761
2020-10-01,1908.4000244140625,1909.5999755859375,1882.5,1884.0999755859375,730,1878.414306640625,1924.553328450521,1.1072860616721858
2020-10-02,1900.199951171875,1913.0,1893.9000244140625,1893.9000244140625,530,1884.1714390345983,1923.4333251953126,-0.42968314490067216
2020-10-05,1912.5,1915.5999755859375,1884.699951171875,1898.9000244140625,1360,1890.4857177734375,1922.696659342448,0.6473028704447437
2020-10-06,1901.0999755859375,1918.0,1874.4000244140625,1906.5999755859375,968,1896.6857212611608,1921.8099934895833,-0.5960797079248348
2020-10-07,1883.5999755859375,1889.800048828125,1873.0999755859375,1874.0999755859375,50,1898.2285679408483,1920.869991048177,-0.9205197109429464
2020-10-08,1888.5999755859375,1893.0,1882.699951171875,1893.0,348,1897.414271763393,1919.1333251953124,0.26544914338537673
2020-10-09,1919.5,1929.0999755859375,1905.0999755859375,1909.300048828125,580,1901.9857003348213,1919.0633260091147,1.6361338988408969
2020-10-12,1922.5,1926.5,1921.5999755859375,1924.0,96,1903.9999825613838,1917.6599934895833,0.15629070070330986
2020-10-13,1888.5,1922.199951171875,1887.0,1921.9000244140625,191,1902.3285609654017,1915.0233276367187,-1.768530559167747
2020-10-14,1901.300048828125,1910.800048828125,1882.5,1889.699951171875,33,1900.7285679408483,1912.793330891927,0.677789188674871
2020-10-15,1903.199951171875,1906.300048828125,1889.5999755859375,1897.300048828125,254,1901.028564453125,1911.753328450521,0.09992648687517924
2020-10-16,1900.800048828125,1900.800048828125,1898.5,1898.5,53,1903.4857177734375,1910.8599975585937,-0.1260982768664043
2020-10-19,1906.4000244140625,1907.800048828125,1899.5,1907.300048828125,43,1906.0285818917412,1910.2766642252604,0.29461150263490055
2020-10-20,1910.4000244140625,1910.4000244140625,1896.0999755859375,1901.300048828125,329,1904.7285853794642,1909.523331705729,0.20981955249552708
2020-10-21,1924.5999755859375,1927.300048828125,1913.5999755859375,1913.5999755859375,1202,1905.0285818917412,1908.8533325195312,0.7432972670857296
2020-10-22,1901.0999755859375,1924.300048828125,1898.199951171875,1924.300048828125,899,1906.828578404018,1907.0833333333333,-1.2210329573991374
2020-10-23,1902.0,1913.300048828125,1896.199951171875,1899.9000244140625,287,1906.9285714285713,1905.889998372396,0.04734229791283351
2020-10-26,1902.699951171875,1907.0,1893.5,1895.5,242,1906.857142857143,1904.2099975585938,0.03680079768006994
2020-10-27,1908.800048828125,1908.800048828125,1904.4000244140625,1904.5999755859375,176,1908.0,1902.6266642252604,0.320602187039154
2020-10-28,1876.199951171875,1876.199951171875,1870.9000244140625,1870.9000244140625,277,1903.6857038225446,1899.8266642252604,-1.7078843683110856
2020-10-29,1865.5999755859375,1879.800048828125,1858.800048828125,1876.0999755859375,240,1897.2856968470983,1897.3466634114584,-0.5649704648652554
2020-10-30,1877.4000244140625,1886.5999755859375,1862.800048828125,1862.800048828125,725,1890.5428466796875,1894.8566650390626,0.6325069137299355
2020-11-02,1890.4000244140625,1894.699951171875,1872.9000244140625,1872.9000244140625,190,1889.0142822265625,1894.4966674804687,0.6924469921671284
2020-11-03,1908.5,1908.5,1891.5,1891.5,712,1889.9428536551338,1894.8266682942708,0.9574680148212389
2020-11-04,1894.5999755859375,1907.0,1885.300048828125,1893.800048828125,782,1888.7857142857142,1895.9833333333333,-0.7283219499115812
2020-11-05,1945.300048828125,1948.0,1901.699951171875,1901.699951171875,135,1894.0,1898.55,2.676030502244031
2020-11-06,1950.300048828125,1958.800048828125,1940.800048828125,1940.800048828125,304,1904.585728236607,1901.636669921875,0.2570297575950953
2020-11-09,1853.199951171875,1963.199951171875,1847.0999755859375,1955.5999755859375,745,1902.8142961774554,1900.9833333333333,-4.978726104970077
2020-11-10,1875.4000244140625,1885.300048828125,1871.199951171875,1879.300048828125,276,1902.5285818917412,1900.3533325195312,1.197931892246662
2020-11-11,1860.699951171875,1878.800048828125,1855.5,1878.800048828125,222,1898.2857142857142,1899.4599975585938,-0.7838366775525851
2020-11-12,1872.5999755859375,1878.5,1866.5999755859375,1869.0,220,1893.1571393694196,1898.2666625976562,0.6395455864105282
2020-11-13,1885.699951171875,1890.0999755859375,1876.800048828125,1877.0,240,1891.885707310268,1897.783329264323,0.6995608115309526
2020-11-16,1887.300048828125,1887.300048828125,1871.0,1874.5999755859375,6,1883.5999930245537,1896.9433308919272,0.08485430862188448
2020-11-17,1884.5,1888.4000244140625,1884.5,1888.4000244140625,59,1874.199986049107,1896.389998372396,-0.14836267449171991
2020-11-18,1873.5,1873.5,1873.5,1873.5,152,1877.0999930245537,1896.0533325195313,-0.5837092066861227
2020-11-19,1861.0999755859375,1865.800048828125,1856.0,1865.800048828125,59,1875.05712890625,1895.1366658528646,-0.661864126718037
2020-11-20,1872.5999755859375,1872.5999755859375,1871.199951171875,1871.199951171875,1900,1876.7571323939733,1893.573331705729,0.6179141449066616
2020-11-23,1837.800048828125,1837.800048828125,1829.199951171875,1834.800048828125,843,1871.7857142857142,1890.75,-1.8583748377398956
2020-11-24,1804.800048828125,1829.300048828125,1799.300048828125,1829.300048828125,1041,1860.2285853794642,1887.9600016276042,-1.79562515634073
2020-11-25,1805.699951171875,1805.699951171875,1801.4000244140625,1801.4000244140625,205754,1848.5714285714287,1884.773331705729,0.04986160900950498
2020-11-27,1781.9000244140625,1817.0,1770.699951171875,1806.0999755859375,71804,1833.9142892020088,1880.730000813802,-1.3180443817571552
2020-11-30,1775.699951171875,1787.199951171875,1762.300048828125,1785.0,3145,1819.9428536551338,1876.5599975585938,-0.3479473122644072
2020-12-01,1814.0999755859375,1815.9000244140625,1774.9000244140625,1775.0,1859,1813.2285679408483,1873.483329264323,2.162528888324866
2020-12-02,1825.699951171875,1830.0,1807.800048828125,1811.300048828125,771,1806.528564453125,1870.6599934895833,0.6394341955817895
2020-12-03,1836.800048828125,1842.0,1825.300048828125,1829.199951171875,1765,1806.385707310268,1867.733329264323,0.6079913432174289
2020-12-04,1835.9000244140625,1847.5999755859375,1828.199951171875,1840.699951171875,1213,1810.8285609654017,1865.5599975585938,-0.048999585699960324
2020-12-07,1861.800048828125,1866.9000244140625,1820.800048828125,1836.5,1427,1818.8428606305804,1864.2199991861978,1.4107535306737917
2020-12-08,1870.800048828125,1875.800048828125,1861.800048828125,1863.0,121,1831.5428641183037,1863.156669108073,0.48340314555608277
2020-12-09,1834.5999755859375,1867.0999755859375,1827.0,1867.0999755859375,215,1839.9571533203125,1860.6833333333334,-1.9350049335771224
2020-12-10,1833.5999755859375,1849.0999755859375,1828.0,1833.199951171875,177,1842.7428676060267,1859.2633341471353,-0.0545077953399975
2020-12-11,1839.800048828125,1846.0,1829.0999755859375,1838.5,109,1844.7571672712054,1858.4033365885416,0.33813663420267925
2020-12-14,1828.699951171875,1835.699951171875,1822.699951171875,1835.5,258,1843.6000104631696,1856.7800008138022,-0.6033317404964933
2020-12-15,1852.300048828125,1853.5999755859375,1833.199951171875,1833.5,961,1845.94287109375,1855.5100016276042,1.2905396339692787
2020-12-16,1856.0999755859375,1864.699951171875,1850.5,1856.5,1090,1845.1285749162946,1853.7633341471353,0.20514639408537594
2020-12-17,1887.199951171875,1896.199951171875,1874.199951171875,1874.199951171875,414,1847.4714181082588,1853.5166666666667,1.675554980604943
2020-12-18,1885.699951171875,1889.5,1882.300048828125,1882.4000244140625,276,1854.7714146205358,1851.5299967447916,-0.07948283376483234
2020-12-21,1879.199951171875,1908.0,1869.0999755859375,1884.800048828125,136,1861.2856968470983,1849.1599934895833,-0.34469958998304406
2020-12-22,1866.5999755859375,1882.199951171875,1861.0,1882.199951171875,233,1865.1142578125,1849.6066609700522,-0.6704968025398328
2020-12-23,1874.699951171875,1878.800048828125,1864.5,1867.0,82,1871.6856863839287,1849.5833251953125,0.43394276716386404
2020-12-24,1879.9000244140625,1879.9000244140625,1875.699951171875,1877.300048828125,46,1875.6285400390625,1850.2233276367188,0.27738162786727916
2020-12-28,1877.199951171875,1895.800048828125,1873.699951171875,1895.5,75,1878.642822265625,1850.37666015625,-0.14362855508920358
2020-12-29,1879.699951171875,1881.300048828125,1879.699951171875,1881.300048828125,343,1877.5713936941963,1850.17666015625,0.13317707569933113
2020-12-30,1891.0,1895.800048828125,1877.300048828125,1879.9000244140625,444,1878.3285435267858,1850.2999918619792,0.6011623728074289
2020-12-31,1893.0999755859375,1901.300048828125,1892.699951171875,1897.0,127,1880.3142613002233,1850.5866577148438,0.11105106218600724
2021-01-04,1944.699951171875,1945.0999755859375,1912.199951171875,1912.199951171875,154,1891.471400669643,1852.9599894205728,2.7256867704499754
2021-01-05,1952.699951171875,1952.699951171875,1941.300048828125,1941.699951171875,113,1902.6142578125,1856.013321940104,0.41137451539396963
2021-01-06,1906.9000244140625,1959.9000244140625,1901.5,1952.0,331,1906.471400669643,1857.1566569010417,-2.3454666821867143
2021-01-07,1912.300048828125,1926.699951171875,1912.0,1922.5999755859375,122,1911.4857003348213,1859.639990234375,0.2831834047367865
2021-01-08,1834.0999755859375,1908.0,1834.0999755859375,1908.0,60,1904.9714181082588,1860.6166544596354,-4.089320255475037
2021-01-11,1849.5999755859375,1849.5999755859375,1826.5,1826.5,20,1899.05712890625,1862.079988606771,0.8451011507727868
2021-01-12,1842.9000244140625,1859.699951171875,1839.4000244140625,1849.0,176,1891.885707310268,1864.1133219401042,-0.362237849281577
2021-01-13,1853.5999755859375,1858.5999755859375,1853.5999755859375,1858.0,189,1878.8714250837054,1866.7099894205728,0.5806039953402786
2021-01-14,1850.300048828125,1850.699951171875,1836.699951171875,1836.699951171875,149,1864.2428676060267,1867.916658528646,-0.1780279888474512
2021-01-15,1829.300048828125,1829.4000244140625,1825.0,1829.4000244140625,31,1853.1571568080358,1868.0366617838542,-1.1349510590620282
2021-01-19,1839.5,1842.9000244140625,1802.0,1802.0,13,1842.7571498325892,1868.12666015625,0.55758765099303
2021-01-20,1865.9000244140625,1866.5999755859375,1844.4000244140625,1847.800048828125,16,1847.300013950893,1869.12666015625,1.435173928462219
2021-01-21,1865.300048828125,1868.0,1865.300048828125,1865.300048828125,6,1849.5428815569196,1869.2433268229167,-0.03215475524342981
2021-01-22,1855.699951171875,1855.699951171875,1852.699951171875,1854.9000244140625,8,1851.3714425223213,1868.739990234375,-0.5146677427195323
2021-01-25,1854.9000244140625,1864.699951171875,1851.800048828125,1864.699951171875,26,1851.557163783482,1869.416658528646,-0.043106470812126485
2021-01-26,1850.699951171875,1855.800048828125,1850.699951171875,1855.800048828125,59,1851.614292689732,1869.9866577148437,-0.2264312462616047
2021-01-27,1844.9000244140625,1844.9000244140625,1844.9000244140625,1844.9000244140625,195540,1853.8428606305804,1870.1566569010417,-0.3133909823761494
2021-01-28,1837.9000244140625,1862.9000244140625,1831.5,1843.4000244140625,27283,1853.614292689732,1870.4633260091146,-0.37942435402282815
2021-01-29,1847.300048828125,1876.0,1838.699951171875,1842.0,1634,1850.9571533203125,1870.2966593424478,0.5114546106532281
2021-02-01,1860.800048828125,1871.9000244140625,1850.0,1866.5999755859375,1494,1850.3142961774554,1870.4533284505208,0.7307962779822486
2021-02-02,1830.5,1861.300048828125,1827.5999755859375,1859.5999755859375,1293,1846.7143031529017,1868.563330078125,-1.6283344815692047
2021-02-03,1832.199951171875,1842.4000244140625,1829.800048828125,1834.800048828125,1195,1843.471435546875,1866.7799967447916,0.09286813285305229
2021-02-04,1788.9000244140625,1832.199951171875,1782.800048828125,1832.199951171875,2375,1834.6428745814733,1863.769999186198,-2.3632751834819055
2021-02-05,1810.9000244140625,1813.5,1790.9000244140625,1794.300048828125,1278,1829.7857317243304,1861.9133341471354,1.2298060092657215
2021-02-08,1831.9000244140625,1836.699951171875,1809.0,1816.300048828125,254,1828.9285888671875,1860.486669921875,1.1596443600907724
2021-02-09,1835.300048828125,1843.300048828125,1830.699951171875,1841.9000244140625,184,1827.2143031529017,1859.0000040690104,0.18560098088049592
2021-02-10,1840.5999755859375,1851.0999755859375,1837.0,1842.5999755859375,543,1824.328578404018,1857.7800048828126,0.2887771272711781
2021-02-11,1824.9000244140625,1845.0,1820.9000244140625,1840.5,602,1823.5285818917412,1855.9533406575522,-0.8529800815017974
2021-02-12,1821.5999755859375,1827.5,1809.199951171875,1825.0,259,1822.0142996651787,1853.6400065104167,-0.18083449964250153
2021-02-16,1797.199951171875,1823.4000244140625,1787.300048828125,1820.9000244140625,1141,1823.2000034877233,1850.443339029948,-1.3394831324706202
2021-02-17,1771.0999755859375,1789.699951171875,1768.800048828125,1785.800048828125,614,1817.5142822265625,1844.6566731770833,-1.4522577506703604
2021-02-18,1773.4000244140625,1784.5999755859375,1766.0,1776.0999755859375,587,1809.1571393694196,1838.6800089518229,0.12986555585965398
2021-02-19,1775.800048828125,1787.5999755859375,1764.300048828125,1764.300048828125,118,1800.6571393694196,1834.310009765625,0.13533463296615533
2021-02-22,1806.699951171875,1807.800048828125,1784.0,1784.0,165,1795.8142787388392,1830.7900065104166,1.740055270532359
2021-02-23,1804.4000244140625,1811.300048828125,1796.4000244140625,1809.5999755859375,569,1792.885707310268,1829.8000081380208,-0.12729987380144525
2021-02-24,1796.4000244140625,1805.800048828125,1796.4000244140625,1805.800048828125,1500,1789.2857142857142,1828.0266764322917,-0.4433606679094204
2021-02-25,1774.4000244140625,1802.0,1766.699951171875,1801.5,1049,1786.0285818917412,1825.7433430989583,-1.2246715487089666
2021-02-26,1728.0999755859375,1768.199951171875,1718.800048828125,1768.0999755859375,1593,1779.8857247488838,1821.560009765625,-2.609335448099648
2021-03-01,1722.5,1747.0,1720.300048828125,1737.0999755859375,407,1772.614292689732,1817.3000081380208,-0.3240539126816877
2021-03-02,1733.0999755859375,1733.0999755859375,1708.699951171875,1709.4000244140625,867,1766.5142822265625,1814.0933390299479,0.6153831980225011
2021-03-03,1715.300048828125,1732.4000244140625,1703.5,1730.0,501,1753.4571533203125,1809.9533406575522,-1.0270571235681092
2021-03-04,1700.199951171875,1717.4000244140625,1700.199951171875,1706.5,521,1738.5714285714287,1804.4300048828125,-0.880318149968351
2021-03-05,1698.0,1701.0,1685.0,1690.5999755859375,302,1724.5142822265625,1798.8533365885417,-0.12939367339462882
2021-03-08,1677.699951171875,1705.4000244140625,1673.699951171875,1704.699951171875,1290,1710.699986049107,1792.9200032552083,-1.1955270216799208
2021-03-09,1716.5999755859375,1717.5,1685.199951171875,1686.199951171875,335,1709.05712890625,1788.3100016276042,2.318652056161219
2021-03-10,1721.5,1722.9000244140625,1711.0,1713.5999755859375,412,1708.914271763393,1784.0033365885417,0.2854494048556644
2021-03-11,1722.300048828125,1737.5,1720.199951171875,1725.5999755859375,18,1707.3714250837054,1779.9166707356771,0.046473937155089295
2021-03-12,1719.5,1722.5,1699.0,1715.9000244140625,80,1707.9714181082588,1775.9700032552084,-0.16257613358544587
2021-03-15,1728.9000244140625,1731.9000244140625,1722.800048828125,1729.5,147,1712.0714285714287,1772.0233357747395,0.5466719635977002
2021-03-16,1730.5999755859375,1733.9000244140625,1726.0,1732.300048828125,729,1716.7285679408483,1767.6833333333334,0.09832559129330232
2021-03-17,1726.800048828125,1750.0999755859375,1725.5999755859375,1735.300048828125,488,1723.7428676060267,1764.226668294271,-0.21957279622206727
2021-03-18,1732.199951171875,1750.300048828125,1721.800048828125,1745.800048828125,138,1725.971435546875,1760.8933349609374,0.3127115005246095
2021-03-19,1741.4000244140625,1742.199951171875,1733.5999755859375,1742.199951171875,13,1728.8142961774554,1759.3100016276042,0.5311207424964604
2021-03-22,1737.800048828125,1737.800048828125,1737.800048828125,1737.800048828125,51,1731.0285818917412,1756.8733357747396,-0.2067288121894273
2021-03-23,1724.699951171875,1724.699951171875,1724.699951171875,1724.699951171875,6,1731.7714320591517,1753.3,-0.753832275760602
2021-03-24,1732.9000244140625,1732.9000244140625,1727.5,1727.5,26,1732.3428606305804,1749.8866658528646,0.475449265051342
2021-03-25,1724.9000244140625,1733.199951171875,1724.5,1732.699951171875,15,1731.5285818917412,1746.0300008138022,-0.4616538685031757
2021-03-26,1732.199951171875,1732.199951171875,1721.300048828125,1721.300048828125,33,1732.2999965122767,1742.9399983723958,0.4232086877204555
2021-03-29,1712.0999755859375,1712.0999755859375,1712.0999755859375,1712.0999755859375,135457,1729.4285714285713,1739.2899983723958,-1.1603727140356623
2021-03-30,1683.9000244140625,1712.5999755859375,1676.5,1711.0,25316,1721.2142857142858,1735.5133341471353,-1.6470972241106496
2021-03-31,1713.800048828125,1713.800048828125,1676.5,1683.699951171875,762,1717.7857142857142,1733.6033365885417,1.7756413077116395
2021-04-01,1726.5,1728.800048828125,1706.4000244140625,1706.800048828125,720,1718.0428641183037,1732.0400024414062,0.7410404253727965
2021-04-05,1727.0,1729.699951171875,1721.9000244140625,1727.9000244140625,275,1717.2000034877233,1730.4133341471354,0.02896032435564244
2021-04-06,1741.5,1744.800048828125,1726.9000244140625,1726.9000244140625,890,1719.5714285714287,1728.2400024414062,0.8396062536189852
2021-04-07,1740.0999755859375,1742.699951171875,1733.699951171875,1742.699951171875,557,1720.7000034877233,1726.0966674804688,-0.08039186988587632
2021-04-08,1756.800048828125,1758.0,1734.5999755859375,1736.0,1298,1727.085728236607,1724.7766682942708,0.9597191814547434
2021-04-09,1743.300048828125,1750.800048828125,1733.300048828125,1750.800048828125,484,1735.5714460100446,1723.7400024414062,-0.7684426015928891
2021-04-12,1731.199951171875,1740.800048828125,1726.699951171875,1740.800048828125,40,1738.0571463448662,1723.8433349609375,-0.6940915113484825
2021-04-13,1746.199951171875,1746.9000244140625,1722.0999755859375,1733.800048828125,367,1740.8714250837054,1724.6333333333334,0.8664510410739235
2021-04-14,1734.9000244140625,1745.9000244140625,1732.699951171875,1741.300048828125,1037,1742.0,1724.6933349609376,-0.6471152831168725
2021-04-15,1765.4000244140625,1767.9000244140625,1740.0999755859375,1740.0999755859375,368,1745.4142892020088,1726.3633341471354,1.7580263744765956
2021-04-16,1779.0,1779.5,1770.0999755859375,1770.4000244140625,625,1750.971435546875,1728.9900024414062,0.7703622633885132
2021-04-19,1769.4000244140625,1788.5,1769.4000244140625,1782.0999755859375,144,1752.7714320591517,1731.3700032552083,-0.5396276327114924
2021-04-20,1777.300048828125,1777.300048828125,1765.5,1769.300048828125,1464,1757.6285749162946,1734.6900065104167,0.44648040607315753
2021-04-21,1792.300048828125,1794.0999755859375,1777.699951171875,1783.0,250,1766.3571602957588,1737.2133422851562,0.8439767955833011
2021-04-22,1781.199951171875,1794.199951171875,1779.5,1794.199951171875,159,1771.3571602957588,1739.2033406575522,-0.6193213945124731
2021-04-23,1777.0,1794.5,1772.0,1786.0999755859375,332,1777.3714425223213,1741.0266723632812,-0.23579335768069143
2021-04-26,1779.199951171875,1779.699951171875,1770.800048828125,1778.0,549,1779.3428606305804,1743.016670735677,0.12380141653769439
2021-04-27,1778.0,1782.0,1777.699951171875,1780.0,117,1779.2000034877233,1744.6533365885416,-0.06744330062985471
2021-04-28,1773.199951171875,1774.0,1764.5999755859375,1768.199951171875,756,1779.7428501674108,1746.0733357747397,-0.26996900045697103
2021-04-29,1768.0999755859375,1789.0,1758.5999755859375,1781.0,196,1778.4285539899554,1747.45,-0.28761424127984325
2021-04-30,1767.300048828125,1771.800048828125,1763.9000244140625,1771.800048828125,18,1774.8571254185267,1748.6200032552083,-0.04524216779921986
2021-05-03,1791.4000244140625,1793.0,1788.5,1788.5,18,1776.3142787388392,1750.286669921875,1.3636606642951188
2021-05-04,1775.800048828125,1788.5,1774.800048828125,1788.199951171875,182,1776.142857142857,1751.5533365885417,-0.8708259112053973
2021-05-05,1784.0999755859375,1784.0999755859375,1779.199951171875,1781.5,57,1776.8428606305804,1753.5333374023437,0.46739083959872474
2021-05-06,1815.5,1815.5,1787.5999755859375,1788.9000244140625,13,1782.2000034877233,1756.286669921875,1.7599924244015464
2021-05-07,1831.0999755859375,1842.9000244140625,1831.0999755859375,1842.9000244140625,2,1790.471435546875,1759.8266682942708,0.8592660746867153
2021-05-10,1837.5,1845.5999755859375,1835.4000244140625,1835.5999755859375,13,1800.3857247488838,1763.336669921875,0.34951802192091375
2021-05-11,1835.9000244140625,1838.0999755859375,1831.5999755859375,1837.199951171875,420,1810.1857212611608,1767.4633382161458,-0.08707350127551416
2021-05-12,1822.5999755859375,1825.199951171875,1821.699951171875,1825.199951171875,3,1814.642857142857,1772.086669921875,-0.7244429789890039
2021-05-13,1823.800048828125,1826.800048828125,1814.0999755859375,1814.699951171875,100,1821.5,1775.7533365885417,0.06584402821587787
2021-05-14,1837.9000244140625,1842.9000244140625,1824.5,1824.5,41,1829.1857212611608,1779.466670735677,0.7731097274066512
2021-05-17,1867.5,1867.5,1847.199951171875,1849.9000244140625,13,1836.614292689732,1784.1500040690105,1.6105324115969877
2021-05-18,1867.800048828125,1870.5,1867.800048828125,1870.5,3,1841.8571602957588,1788.3600056966145,0.01606687165327525
2021-05-19,1881.300048828125,1884.9000244140625,1863.5999755859375,1866.4000244140625,348,1848.1143101283483,1793.0666748046874,0.7227754388629659
2021-05-20,1881.800048828125,1885.0,1864.800048828125,1865.5,85,1854.6714564732142,1797.2333414713542,0.026577366024693738
2021-05-21,1876.699951171875,1876.699951171875,1872.0999755859375,1872.0999755859375,5,1862.4000244140625,1801.6800048828125,-0.271022293756773
2021-05-24,1884.5999755859375,1884.5999755859375,1882.0999755859375,1882.0999755859375,39,1871.085728236607,1806.793339029948,0.42095298234166023
2021-05-25,1898.0999755859375,1898.0999755859375,1882.5,1882.5,56,1879.6857212611608,1811.8566731770834,0.7163323875032379
2021-05-26,1901.300048828125,1901.300048828125,1901.300048828125,1901.300048828125,170526,1884.5142996651787,1817.403340657552,0.16859350315305832
2021-05-27,1895.699951171875,1903.9000244140625,1888.199951171875,1896.800048828125,35794,1888.5,1821.746671549479,-0.29454044666445967
2021-05-28,1902.5,1905.4000244140625,1881.9000244140625,1897.5,2415,1891.528564453125,1825.8633382161458,0.35870913136444305
2021-06-01,1902.9000244140625,1916.199951171875,1892.800048828125,1905.0999755859375,640,1894.5428466796875,1830.313338216146,0.02102625041064954
2021-06-02,1907.5,1908.800048828125,1896.0,1899.199951171875,1267,1898.9428536551338,1834.6533365885416,0.24173501113669005
2021-06-03,1871.199951171875,1908.800048828125,1865.0,1908.800048828125,1021,1897.028564453125,1837.2833333333333,-1.9030169765727356
2021-06-04,1889.800048828125,1895.5,1854.0,1869.300048828125,367,1895.8428606305804,1840.9033365885416,0.9940197809753748
2021-06-07,1896.800048828125,1899.699951171875,1883.199951171875,1890.5,87,1895.2000034877233,1844.8966715494792,0.37040955757943195
2021-06-08,1892.199951171875,1902.9000244140625,1890.0,1896.5,930,1894.7000034877233,1848.6633382161458,-0.24251884952724012
2021-06-09,1893.199951171875,1897.699951171875,1889.199951171875,1894.9000244140625,148,1893.3714250837054,1852.5033365885417,0.05284853745930462
2021-06-10,1894.199951171875,1899.800048828125,1871.5,1887.699951171875,186,1892.1285574776787,1856.536669921875,0.05282062253282316
2021-06-11,1877.4000244140625,1902.300048828125,1875.199951171875,1900.9000244140625,349,1887.8285609654017,1860.1800048828125,-0.886914116295856
2021-06-14,1864.0,1866.5999755859375,1846.5,1866.199951171875,41,1886.7999965122767,1863.4033365885416,-0.7137543538833557
2021-06-15,1854.5,1867.199951171875,1854.4000244140625,1866.4000244140625,78,1881.7571323939733,1865.5066691080729,-0.5096566523605128
2021-06-16,1859.5,1860.0999755859375,1809.199951171875,1859.4000244140625,117,1876.4285539899554,1868.2966674804688,0.2696144513345988
2021-06-17,1773.800048828125,1823.300048828125,1769.5999755859375,1811.800048828125,1135,1859.5142822265625,1867.9533365885416,-4.608763171383434
2021-06-18,1767.9000244140625,1792.4000244140625,1767.9000244140625,1775.699951171875,354,1841.614292689732,1866.3666707356772,-0.33262060275397465
2021-06-21,1781.800048828125,1785.199951171875,1766.800048828125,1768.800048828125,38,1825.557163783482,1864.72333984375,0.7862449359187895
2021-06-22,1776.300048828125,1786.9000244140625,1775.9000244140625,1783.4000244140625,101,1811.1143101283483,1862.6833414713542,-0.30867661069026164
2021-06-23,1782.300048828125,1793.199951171875,1780.5999755859375,1780.699951171875,136,1799.4428885323662,1860.8966756184896,0.3377807709884495
2021-06-24,1775.5999755859375,1786.4000244140625,1775.5999755859375,1778.9000244140625,78,1788.1714564732142,1859.330008951823,-0.37592285578361695
2021-06-25,1776.5999755859375,1788.0,1775.199951171875,1777.699951171875,35,1776.3285958426338,1857.7566731770833,0.05631899153806241
2021-06-28,1779.5999755859375,1779.5999755859375,1779.5999755859375,1779.5999755859375,888,1777.1571568080358,1855.813338216146,0.16886187331002223
2021-06-29,1762.800048828125,1777.0999755859375,1752.0999755859375,1776.800048828125,419,1776.4285888671875,1852.32333984375,-0.9440282641204889
2021-06-30,1770.800048828125,1770.800048828125,1759.199951171875,1761.0999755859375,51,1774.8571602957588,1849.0900065104167,0.45382345010247516
2021-07-01,1775.9000244140625,1781.199951171875,1768.800048828125,1775.699951171875,44,1774.800013950893,1845.5766723632812,0.28800403463464797
2021-07-02,1782.5999755859375,1787.9000244140625,1778.300048828125,1778.699951171875,23,1774.8428606305804,1842.2700032552084,0.37727074045654785
2021-07-06,1793.5,1809.800048828125,1786.699951171875,1786.699951171875,332,1777.4000069754463,1839.496671549479,0.6114677753476183
2021-07-07,1801.5,1808.4000244140625,1797.199951171875,1798.699951171875,244,1780.9571533203125,1836.7266723632813,0.4460551993309192
2021-07-08,1799.5999755859375,1818.5,1797.0,1797.0,148,1783.8142961774554,1833.443339029948,-0.10546902104149325
2021-07-09,1810.0,1810.0999755859375,1798.800048828125,1803.5999755859375,218,1790.5571463448662,1830.4000040690105,0.5779075658564725
2021-07-12,1805.5,1805.5,1799.5,1802.5999755859375,147,1795.5142822265625,1827.3933390299478,-0.24861878453038555
2021-07-13,1809.4000244140625,1812.0,1800.5999755859375,1808.0999755859375,78,1800.2999965122767,1824.2900065104166,0.21600799856342778
2021-07-14,1824.300048828125,1829.0,1813.0999755859375,1813.0999755859375,707,1806.2571498325892,1821.6700073242187,0.8234787340012151
2021-07-15,1828.4000244140625,1833.0,1823.4000244140625,1831.5999755859375,99,1811.2428676060267,1819.033341471354,0.22474239303842403
2021-07-16,1814.5,1831.4000244140625,1814.5,1830.0999755859375,78,1813.1000104631696,1817.1433430989584,-0.7602288464482521
2021-07-19,1808.699951171875,1813.4000244140625,1803.300048828125,1803.300048828125,33,1814.4000069754463,1814.4400065104167,-0.3196499767497918
2021-07-20,1810.9000244140625,1824.0,1810.9000244140625,1812.9000244140625,128,1814.5285818917412,1811.5766723632812,0.12163837571632641
2021-07-21,1802.9000244140625,1807.0,1800.0,1807.0,135,1814.1571568080358,1808.600008138021,-0.4417692800345763
2021-07-22,1805.0,1805.0,1793.5999755859375,1793.5999755859375,2,1813.5285818917412,1805.660009765625,0.11647765031341795
2021-07-23,1801.4000244140625,1801.4000244140625,1800.0,1800.0,1,1810.2571498325892,1802.5666788736978,-0.19944463079986097
2021-07-26,1798.699951171875,1802.5,1797.199951171875,1802.5,17,1806.0142822265625,1799.9433430989584,-0.14988748782024386
2021-07-27,1799.5,1803.699951171875,1799.5,1803.699951171875,1,1803.8714250837054,1797.7933430989583,0.04447928225070896
2021-07-28,1799.5,1799.5,1799.5,1799.5,209783,1802.5571463448662,1795.960009765625,0.0
2021-07-29,1831.199951171875,1832.5999755859375,1806.0999755859375,1806.5999755859375,30496,1805.4571358816963,1795.0166748046875,1.7615977311405961
2021-07-30,1812.5999755859375,1830.5,1808.9000244140625,1828.0,3100,1806.8428431919642,1796.3100056966146,-1.0157260857305284
2021-08-02,1818.0999755859375,1818.699951171875,1804.800048828125,1812.4000244140625,1334,1808.7142682756696,1797.9833374023438,0.303431538898824
2021-08-03,1810.0999755859375,1813.5,1806.0,1812.300048828125,3341,1809.9571184430804,1798.926668294271,-0.44001980679977404
2021-08-04,1810.5,1831.300048828125,1806.300048828125,1809.300048828125,2860,1811.6428397042412,1800.0666666666666,0.02209957568410914
2021-08-05,1805.0999755859375,1813.699951171875,1796.0,1810.800048828125,588,1812.442836216518,1800.8266642252604,-0.29826149760080467
2021-08-06,1760.0,1800.0999755859375,1758.4000244140625,1799.800048828125,859,1806.7999790736608,1800.3066650390624,-2.4984752199831983
2021-08-09,1723.4000244140625,1753.800048828125,1692.5999755859375,1753.5,1621,1791.3999895368304,1798.5333333333333,-2.0795440673828103
2021-08-10,1728.800048828125,1735.199951171875,1720.0999755859375,1728.5999755859375,1363,1779.4285714285713,1796.8400024414063,0.31333551918095726
2021-08-11,1750.4000244140625,1752.199951171875,1727.300048828125,1727.300048828125,542,1769.7571498325892,1796.426668294271,1.2494201166051155
2021-08-12,1749.0,1752.4000244140625,1745.5,1749.699951171875,739,1761.0285818917412,1795.7,-0.07998311211925291
2021-08-13,1775.199951171875,1777.300048828125,1757.4000244140625,1758.300048828125,436,1755.9857177734375,1795.6766642252603,1.4979960647155455
2021-08-16,1786.9000244140625,1787.800048828125,1771.9000244140625,1776.9000244140625,219,1753.3857247488838,1795.819999186198,0.6590848109512271
2021-08-17,1785.0,1794.199951171875,1780.0,1787.699951171875,200,1756.9571533203125,1795.5366658528646,-0.1063307621077203
2021-08-18,1781.5999755859375,1791.5,1779.0,1787.800048828125,263,1765.2714320591517,1794.8733317057292,-0.1904775582107887
2021-08-19,1780.199951171875,1789.300048828125,1775.5,1780.0,245,1772.6142752511162,1794.2266642252605,-0.07858242216253197
2021-08-20,1781.0,1787.5,1778.199951171875,1784.0999755859375,235,1776.9857003348213,1793.2599975585938,0.04494151500220589
2021-08-23,1803.199951171875,1804.800048828125,1776.800048828125,1776.800048828125,32,1784.728550502232,1793.183329264323,1.2464879939289686
2021-08-24,1805.5999755859375,1805.5999755859375,1801.0,1801.0,22,1789.0714111328125,1793.056660970052,0.13309807448158573
2021-08-25,1788.199951171875,1792.9000244140625,1784.0,1792.0,812,1789.257114955357,1791.8533243815104,-0.9636699517796554
2021-08-26,1792.199951171875,1792.199951171875,1781.0,1787.4000244140625,61,1790.285679408482,1790.6466552734375,0.22368863154138552
2021-08-27,1816.5999755859375,1816.5999755859375,1803.0999755859375,1803.4000244140625,1219,1795.285679408482,1790.7166544596355,1.3614565940651913
2021-08-30,1809.0,1820.300048828125,1807.800048828125,1818.199951171875,684,1799.3999720982142,1790.7266560872397,-0.41836263833957554
2021-08-31,1815.0,1815.9000244140625,1801.0999755859375,1815.9000244140625,82,1804.257114955357,1790.8633219401042,0.3316749585406287
2021-09-01,1813.0999755859375,1815.9000244140625,1809.5,1813.5,114,1805.6714041573662,1791.2033203125,-0.10468454071970168
2021-09-02,1808.699951171875,1813.9000244140625,1806.800048828125,1813.199951171875,26,1806.1142578125,1791.3266520182292,-0.2426796356136185
2021-09-03,1830.9000244140625,1833.9000244140625,1818.9000244140625,1820.9000244140625,53,1812.2142682756696,1792.3099853515625,1.227404978244384
2021-09-07,1795.9000244140625,1825.699951171875,1792.699951171875,1825.699951171875,48,1812.7428501674108,1792.2166544596355,-1.9116281355231801
2021-09-08,1790.699951171875,1790.699951171875,1781.699951171875,1781.699951171875,69,1809.0428466796875,1791.923319498698,-0.2895524901996738
2021-09-09,1797.4000244140625,1798.699951171875,1787.9000244140625,1798.699951171875,49,1807.385707310268,1791.8533203125,0.37415945858505495
2021-09-10,1789.5999755859375,1789.5999755859375,1789.5999755859375,1789.5999755859375,0,1803.7571323939733,1790.4666544596355,-0.43396287538539635
2021-09-13,1792.0,1796.0,1784.0,1789.800048828125,533,1800.7428501674108,1789.7799886067708,0.13410954664752062
2021-09-14,1804.699951171875,1806.199951171875,1783.0,1791.4000244140625,764,1800.171421595982,1789.333321126302,0.7087026323590928
2021-09-15,1792.4000244140625,1803.699951171875,1792.4000244140625,1803.699951171875,59,1794.671421595982,1788.7433227539063,-0.6815496808666444
2021-09-16,1754.5999755859375,1792.9000244140625,1743.9000244140625,1792.9000244140625,1645,1788.7714146205358,1786.879988606771,-2.108906957891943
2021-09-17,1749.4000244140625,1763.0,1749.4000244140625,1758.800048828125,581,1782.8714250837054,1785.0233235677083,-0.29636106487113123
2021-09-20,1761.800048828125,1761.800048828125,1750.9000244140625,1751.800048828125,185,1777.7857142857142,1785.0833251953125,0.7088158363445674
2021-09-21,1776.0,1776.0,1759.0,1762.199951171875,106,1775.8428606305804,1786.8366577148438,0.805991076076995
2021-09-22,1776.699951171875,1784.300048828125,1767.0,1776.699951171875,17,1773.6571393694196,1788.4333211263022,0.0394116650830556
2021-09-23,1747.699951171875,1766.800048828125,1738.199951171875,1766.800048828125,31,1765.5142822265625,1788.3433186848958,-1.632239590082285
2021-09-24,1749.699951171875,1749.699951171875,1745.0,1749.699951171875,76,1759.414271763393,1788.366650390625,0.11443611923540598
2021-09-27,1750.0,1754.4000244140625,1747.5,1751.699951171875,808,1758.7571323939733,1787.5266520182292,0.017148587557769268
2021-09-28,1735.800048828125,1741.699951171875,1726.800048828125,1739.5999755859375,15748,1756.8142787388392,1785.8233194986979,-0.811425781249997
2021-09-29,1721.5,1744.0999755859375,1721.4000244140625,1732.4000244140625,6634,1751.05712890625,1783.7066528320313,-0.8238304197409896
2021-09-30,1755.300048828125,1760.300048828125,1724.5,1725.5,997,1748.0999930245537,1782.829988606771,1.9634068445033348
2021-10-01,1757.0,1762.5999755859375,1748.5,1754.300048828125,2220,1745.2857142857142,1782.0566569010416,0.09684675694106026
2021-10-04,1766.199951171875,1768.9000244140625,1749.5,1764.5,417,1747.9285714285713,1781.563321940104,0.5236170274260044
2021-10-05,1759.5999755859375,1764.300048828125,1749.0,1764.300048828125,98,1749.3428606305804,1780.109989420573,-0.3736822425772557
2021-10-06,1760.5,1762.9000244140625,1744.699951171875,1759.300048828125,56,1750.8428606305804,1778.6066569010416,0.05114937636678807
2021-10-07,1757.9000244140625,1762.4000244140625,1752.800048828125,1762.4000244140625,336,1754.0,1777.596659342448,-0.14768392990273105
2021-10-08,1756.300048828125,1780.0,1754.199951171875,1757.0,254,1758.971435546875,1776.3999959309897,-0.09101630147998474
2021-10-11,1754.5999755859375,1757.800048828125,1752.199951171875,1756.5999755859375,128,1758.8714250837054,1774.3333292643229,-0.09679856487631033
2021-10-12,1758.300048828125,1768.0,1749.800048828125,1751.9000244140625,139,1759.0571463448662,1772.643330891927,0.21087845056830812
2021-10-13,1793.699951171875,1794.5,1760.800048828125,1760.800048828125,150,1762.9857177734375,1771.933329264323,2.0133026992374514
2021-10-14,1796.699951171875,1799.9000244140625,1792.0,1792.199951171875,337,1768.2857142857142,1771.3866617838542,0.16725205339054305
2021-10-15,1767.199951171875,1795.4000244140625,1766.5999755859375,1794.5,874,1769.2428501674108,1770.003328450521,-1.6418990817447798
2021-10-18,1764.800048828125,1770.0999755859375,1759.5,1761.5999755859375,266,1770.2285679408483,1767.7999959309896,-0.13580253565299572
2021-10-19,1769.699951171875,1785.0,1767.5,1777.5999755859375,51,1772.1428397042412,1766.92666015625,0.2776463173266297
2021-10-20,1784.0999755859375,1785.5999755859375,1774.0,1774.5999755859375,127,1776.3571254185267,1766.706660970052,0.813698638830096
2021-10-21,1781.199951171875,1785.699951171875,1781.0,1782.0,146,1779.6285400390625,1766.166658528646,-0.16254831308486484
2021-10-22,1795.5,1806.9000244140625,1784.0,1787.0999755859375,532,1779.8856898716517,1766.3633260091146,0.8028323164233742
2021-10-25,1806.0,1809.0,1794.0,1794.300048828125,140,1781.2142682756696,1766.8299926757813,0.5847953216374213
2021-10-26,1792.699951171875,1808.800048828125,1788.5999755859375,1808.800048828125,359,1784.8571254185267,1766.4299926757812,-0.7364368121885345
2021-10-27,1797.9000244140625,1798.0999755859375,1791.5,1791.5,543,1789.585693359375,1766.6133260091146,0.29006935816493495
2021-10-28,1801.5999755859375,1807.300048828125,1795.5,1795.5,452,1794.1428397042412,1768.1799926757812,0.2057929318445284
2021-10-29,1783.0,1797.0,1774.5999755859375,1793.0999755859375,583,1793.9857003348213,1769.2999918619792,-1.032414289408956
2021-11-01,1795.0999755859375,1795.0999755859375,1786.699951171875,1787.5,142,1795.9714181082588,1770.4099894205729,0.6786301506414683
2021-11-02,1788.699951171875,1795.5,1787.699951171875,1790.5,213,1794.9999825613838,1770.833321126302,-0.35652746371263033
2021-11-03,1763.5999755859375,1768.0,1761.800048828125,1768.0,108,1788.942836216518,1770.3966552734375,-1.4032524331145213
2021-11-04,1793.0,1798.199951171875,1776.199951171875,1776.5999755859375,103,1788.9857003348213,1771.9066569010417,1.6670460887421301
2021-11-05,1816.4000244140625,1817.0999755859375,1794.9000244140625,1794.9000244140625,239,1791.6285574776787,1774.1299926757813,1.3050766544373982
2021-11-08,1827.4000244140625,1827.4000244140625,1816.9000244140625,1817.0,261,1795.3142787388392,1776.7099934895834,0.6055934734722435
2021-11-09,1830.199951171875,1832.699951171875,1820.699951171875,1826.0999755859375,170,1802.05712890625,1779.8566569010416,0.1532191485392076
2021-11-10,1847.5999755859375,1865.0,1824.9000244140625,1825.800048828125,795,1809.55712890625,1784.059989420573,0.9507171280887183
2021-11-11,1863.199951171875,1866.5,1853.9000244140625,1853.9000244140625,292,1820.199986049107,1787.6566528320313,0.8443372911925984
2021-11-12,1867.9000244140625,1867.9000244140625,1847.5999755859375,1860.800048828125,210,1835.0999930245537,1791.3533203125,0.2522581239459143
2021-11-15,1866.0999755859375,1866.9000244140625,1864.5,1864.5,87,1845.5428466796875,1794.6833211263022,-0.09636751456704173
2021-11-16,1853.5999755859375,1853.5999755859375,1853.5999755859375,1853.5999755859375,1,1850.8571254185267,1797.8166544596354,-0.6698462120752757
2021-11-17,1869.699951171875,1869.699951171875,1862.5999755859375,1862.5999755859375,2,1856.8999720982142,1801.4566528320313,0.8685787547471291
2021-11-18,1861.0,1861.0,1861.0,1861.0,9,1861.2999790736608,1804.8933186848958,-0.4653126918264139
2021-11-19,1851.199951171875,1851.199951171875,1851.199951171875,1851.199951171875,21,1861.8142613002233,1808.0566487630208,-0.5266012266590514
2021-11-22,1806.0,1841.5999755859375,1805.699951171875,1841.5999755859375,14,1853.6428397042412,1809.7699829101562,-2.4416568908864678
2021-11-23,1783.5,1795.5,1783.5,1795.5,264,1841.585693359375,1810.609981282552,-1.2458471760797396
2021-11-24,1784.0999755859375,1793.0,1781.4000244140625,1793.0,188,1829.8714076450892,1810.2899820963542,0.03364034684258943
2021-11-26,1785.300048828125,1791.4000244140625,1785.300048828125,1791.0999755859375,186800,1820.1142752511162,1809.9099853515625,0.0672649099607403
2021-11-29,1782.300048828125,1798.9000244140625,1779.0999755859375,1791.699951171875,26926,1807.6285749162946,1810.4133219401042,-0.16803898044864818
2021-11-30,1773.5999755859375,1808.0999755859375,1768.699951171875,1783.9000244140625,4903,1795.142857142857,1810.7066528320313,-0.4881374069370614
2021-12-01,1781.5999755859375,1790.5,1772.300048828125,1774.800048828125,1128,1785.2000034877233,1811.1033203125,0.4510599971877527
2021-12-02,1760.699951171875,1780.9000244140625,1760.5999755859375,1780.9000244140625,1557,1778.7285679408483,1810.3233194986979,-1.173104215338172
2021-12-03,1782.0,1785.0999755859375,1766.5,1767.5,694,1778.5142822265625,1810.3499877929687,1.209748930472121
2021-12-06,1777.5,1783.0,1777.199951171875,1780.199951171875,381,1777.5714285714287,1809.7499877929688,-0.2525252525252486
2021-12-07,1782.5999755859375,1786.0999755859375,1772.300048828125,1779.5,308,1777.1857038225446,1808.9699869791666,0.2869184577179995
2021-12-08,1783.4000244140625,1789.9000244140625,1779.0,1789.9000244140625,1383,1777.3428431919642,1808.6599894205729,0.044881007465624734
2021-12-09,1774.5999755859375,1783.5,1771.800048828125,1783.5,455,1777.4857003348213,1807.883321126302,-0.49344222875719046
2021-12-10,1782.9000244140625,1785.4000244140625,1769.0999755859375,1773.800048828125,545,1777.671421595982,1807.259989420573,0.4677137914072427
2021-12-13,1786.300048828125,1787.0999755859375,1783.800048828125,1784.4000244140625,206,1781.328578404018,1807.369991048177,0.19070191079164633
2021-12-14,1770.4000244140625,1787.0,1769.0,1787.0,322,1779.6714390345983,1806.5466593424478,-0.8901093869696508
2021-12-15,1762.5999755859375,1778.699951171875,1753.9000244140625,1767.4000244140625,283,1777.5428641183037,1805.67666015625,-0.44058115231366823
2021-12-16,1796.5999755859375,1798.0999755859375,1781.0,1781.0,21,1779.5428641183037,1806.77666015625,1.928968595877656
2021-12-17,1803.800048828125,1812.9000244140625,1803.800048828125,1804.0,654,1782.4571533203125,1807.1366617838542,0.4007610675737183
2021-12-20,1793.699951171875,1799.800048828125,1792.0,1796.800048828125,226,1785.1857212611608,1806.3799926757813,-0.5599344374567328
2021-12-21,1787.9000244140625,1796.5,1787.9000244140625,1791.4000244140625,575,1785.9000069754463,1805.0633260091147,-0.32334988658628827
2021-12-22,1801.5999755859375,1805.199951171875,1785.5,1786.0,567,1788.0857107979912,1804.1099934895833,0.7662593536998719
2021-12-23,1811.199951171875,1811.199951171875,1800.800048828125,1806.0,193,1793.914271763393,1802.896659342448,0.5328583323728875
2021-12-27,1808.0999755859375,1812.0999755859375,1807.0,1810.0,150,1800.414271763393,1801.0599934895833,-0.17115590048087936
2021-12-28,1810.199951171875,1818.0,1805.5,1812.0,146,1802.3571254185267,1799.1366577148438,0.11614266989063982
2021-12-29,1805.0999755859375,1805.0999755859375,1791.4000244140625,1803.199951171875,623,1802.5428292410713,1797.1033243815104,-0.28173548356554834
2021-12-30,1812.699951171875,1816.0,1796.0,1801.699951171875,306,1805.257114955357,1795.739990234375,0.4210279590453503
2021-12-31,1827.5,1827.800048828125,1821.4000244140625,1825.0999755859375,80,1810.9142543247767,1794.3333251953125,0.8164643474810607
2022-01-03,1799.4000244140625,1830.0999755859375,1798.800048828125,1830.0999755859375,116,1810.5999755859375,1792.2799926757812,-1.5376183631156004
2022-01-04,1814.0,1815.300048828125,1800.0,1800.5,38,1810.9999825613838,1791.0399943033854,0.8113802038371976
2022-01-05,1824.5999755859375,1824.5999755859375,1813.0999755859375,1813.0999755859375,8,1813.3571254185267,1791.6599934895833,0.5843426453107758
2022-01-06,1788.699951171875,1791.300048828125,1787.0999755859375,1787.0999755859375,30,1810.2856968470983,1791.8333251953125,-1.9675558968772822
2022-01-07,1797.0,1797.0,1784.4000244140625,1791.800048828125,17,1809.1285574776787,1792.2633260091145,0.46402689409630327
2022-01-10,1798.4000244140625,1798.699951171875,1790.4000244140625,1794.9000244140625,534,1807.0857107979912,1792.6999918619792,0.07790898241861743
2022-01-11,1818.5999755859375,1822.5,1803.0,1803.9000244140625,743,1805.8142787388392,1793.9099894205729,1.1232179102341977
2022-01-12,1827.199951171875,1827.199951171875,1816.9000244140625,1819.0,1547,1809.7856968470983,1795.6966552734375,0.4728898988996644
2022-01-13,1821.199951171875,1823.0,1815.4000244140625,1819.800048828125,40,1810.8142613002233,1797.0166544596354,-0.3283712872338862
2022-01-14,1816.5,1822.0,1816.5,1821.5,816,1809.6571219308037,1798.8766560872396,-0.2580689269649272
2022-01-18,1812.300048828125,1820.0999755859375,1812.300048828125,1816.800048828125,900,1813.028564453125,1799.8866577148438,-0.23121118479906277
2022-01-19,1843.0999755859375,1843.0999755859375,1817.4000244140625,1817.4000244140625,4,1819.6142752511162,1802.0733235677083,1.699493788444606
2022-01-20,1842.5,1843.0,1838.199951171875,1840.5999755859375,20,1825.914271763393,1804.0699910481771,-0.03255252530437458
2022-01-21,1831.800048828125,1842.4000244140625,1828.9000244140625,1838.0,19,1827.7999965122767,1805.6833251953126,-0.5807300500339174
2022-01-24,1841.699951171875,1842.0999755859375,1837.9000244140625,1837.9000244140625,8,1829.8714250837054,1807.919991048177,0.5404466688426757
2022-01-25,1852.699951171875,1852.699951171875,1842.0,1843.0,11,1834.3714250837054,1810.2466552734375,0.5972742733147518
2022-01-26,1829.9000244140625,1829.9000244140625,1829.9000244140625,1829.9000244140625,55,1836.2857142857142,1811.6999877929688,-1.2306324477091457
2022-01-27,1793.300048828125,1793.300048828125,1793.300048828125,1793.300048828125,196036,1833.5714285714287,1812.4633219401042,-2.000107934730311
2022-01-28,1784.9000244140625,1798.4000244140625,1778.800048828125,1797.5,28521,1825.2571498325892,1813.2066569010417,-0.46841154214832814
2022-01-31,1795.0,1798.5,1785.0999755859375,1788.5,1735,1818.471435546875,1813.1533243815104,0.5658566557111833
2022-02-01,1800.300048828125,1806.0999755859375,1797.0999755859375,1797.199951171875,223,1813.971435546875,1813.0366577148438,0.2952673441852349
2022-02-02,1809.199951171875,1810.0999755859375,1795.0999755859375,1797.800048828125,1690,1809.328578404018,1813.5533243815105,0.49435661291812316
2022-02-03,1803.0,1808.0999755859375,1787.9000244140625,1805.800048828125,466,1802.2285853794642,1814.0566569010416,-0.34269021330998184
2022-02-04,1806.5999755859375,1813.699951171875,1792.5,1806.0,571,1798.9000069754463,1814.2233235677083,0.1996658672178242
2022-02-07,1820.5999755859375,1821.300048828125,1809.0999755859375,1812.199951171875,601,1802.7999965122767,1814.5366577148438,0.7749363549869104
2022-02-08,1826.5999755859375,1827.5999755859375,1815.0,1818.9000244140625,108,1808.7571323939733,1815.1533243815104,0.3295616873810525
2022-02-09,1835.199951171875,1835.199951171875,1825.300048828125,1825.4000244140625,683,1814.4999825613838,1815.9866577148437,0.47081877263130956
2022-02-10,1836.199951171875,1842.0999755859375,1820.800048828125,1833.300048828125,365,1819.6285400390625,1817.0233235677083,0.054489975294602644
2022-02-11,1840.800048828125,1864.800048828125,1822.0,1822.0,181,1824.1428397042412,1817.9599934895834,0.25052269788561343
2022-02-14,1868.0,1870.5999755859375,1854.5999755859375,1861.800048828125,79,1833.4285539899554,1819.3099934895833,1.4776157350273156
2022-02-15,1854.800048828125,1879.699951171875,1847.4000244140625,1872.5999755859375,86,1840.3142787388392,1821.1566609700521,-0.7066355017063652
2022-02-16,1870.199951171875,1870.199951171875,1856.300048828125,1858.699951171875,34,1847.3999895368304,1823.0299926757812,0.8302729101975048
2022-02-17,1900.699951171875,1900.699951171875,1876.199951171875,1876.300048828125,393,1857.9857003348213,1825.5666585286458,1.6308416637958123
2022-02-18,1898.5999755859375,1899.4000244140625,1890.699951171875,1899.4000244140625,51,1867.0428466796875,1829.2299926757812,-0.11048432892538651
2022-02-22,1906.0999755859375,1912.0,1890.800048828125,1908.0999755859375,173,1877.028564453125,1832.8666585286458,0.39502792038568213
2022-02-23,1909.199951171875,1910.5999755859375,1895.699951171875,1896.5999755859375,73,1886.7999790736608,1836.559989420573,0.16263446963136197
2022-02-24,1925.0999755859375,1972.5,1911.699951171875,1911.9000244140625,2706,1894.9571184430804,1840.109989420573,0.8328108537978496
2022-02-25,1886.5,1920.0,1883.5999755859375,1906.9000244140625,586,1899.4856828962054,1842.0866577148438,-2.005089401873217
2022-02-28,1899.4000244140625,1928.4000244140625,1894.199951171875,1928.300048828125,390,1903.6571219308037,1844.6933268229166,0.6838072840743337
2022-03-01,1942.4000244140625,1942.4000244140625,1903.800048828125,1908.300048828125,547,1909.6142752511162,1848.8899943033855,2.2638727728386154
2022-03-02,1920.9000244140625,1948.199951171875,1919.800048828125,1945.5999755859375,109,1912.7999965122767,1852.5099934895834,-1.1068780750497331
2022-03-03,1934.4000244140625,1940.300048828125,1924.800048828125,1930.5,122,1916.8428606305804,1855.553328450521,0.7027955556467846
2022-03-04,1965.0999755859375,1970.9000244140625,1935.5999755859375,1937.0,47,1924.828578404018,1859.6399943033855,1.5870528734703848
2022-03-07,1993.9000244140625,2001.0999755859375,1963.0,1989.0,2516,1934.6571568080358,1865.0433268229167,1.4655767740029413
2022-03-08,2040.0999755859375,2072.0,1998.0,1999.4000244140625,1813,1956.6000104631696,1871.6566609700521,2.317064577269945
2022-03-09,1985.9000244140625,2063.0,1980.800048828125,2053.60009765625,1022,1968.9571533203125,1876.0966634114584,-2.656730151487219
2022-03-10,1998.0999755859375,2010.5,1978.0999755859375,1978.0999755859375,670,1976.9142892020088,1881.7033284505208,0.614328567495459
2022-03-11,1982.699951171875,1996.0,1959.9000244140625,1985.0,865,1985.7428501674108,1888.0166585286458,-0.7707334268670207
2022-03-14,1959.5999755859375,1977.699951171875,1959.5999755859375,1976.5,145,1989.3428431919642,1893.839990234375,-1.1650767213810753
2022-03-15,1928.5,1939.9000244140625,1910.699951171875,1939.800048828125,71,1984.1142752511162,1898.289990234375,-1.5870573572873359
2022-03-16,1908.0,1922.4000244140625,1907.199951171875,1922.4000244140625,104,1971.8428431919642,1901.879988606771,-1.0630023334197602
2022-03-17,1942.0999755859375,1947.199951171875,1933.9000244140625,1933.9000244140625,39,1957.8428431919642,1906.309989420573,1.787210460478894
2022-03-18,1928.199951171875,1939.300048828125,1928.199951171875,1934.5,28,1949.5999755859375,1910.4833211263021,-0.7157213628957937
2022-03-21,1928.5999755859375,1928.5999755859375,1925.0,1925.4000244140625,5,1939.6714041573662,1914.5499877929688,0.02074600270678406
2022-03-22,1920.699951171875,1920.699951171875,1920.699951171875,1920.699951171875,26,1930.8142613002233,1917.8866536458333,-0.40962483221345103
2022-03-23,1936.5999755859375,1936.5999755859375,1936.5999755859375,1936.5999755859375,204,1927.5285470145088,1921.5533203125,0.827824481609496
2022-03-24,1961.5999755859375,1964.0,1961.5999755859375,1963.5999755859375,8,1932.257114955357,1925.7666544596354,1.2909222511187979
2022-03-25,1953.800048828125,1953.800048828125,1953.800048828125,1953.800048828125,83,1938.7999790736608,1929.6866577148437,-0.3976308551636554
2022-03-28,1939.5999755859375,1939.5999755859375,1932.5999755859375,1932.5999755859375,7,1938.442836216518,1932.9799886067708,-0.726792552324107
2022-03-29,1912.0,1912.0,1893.5,1893.5,128051,1936.1285574776787,1934.4466552734375,-1.4229725682276206
2022-03-30,1933.5,1937.0,1914.5,1918.4000244140625,17765,1936.8285609654017,1937.0699869791667,1.124476987447709
2022-03-31,1949.199951171875,1949.9000244140625,1919.0999755859375,1933.5,3617,1940.8999895368304,1939.7033203125,0.8119964402314439
2022-04-01,1919.0999755859375,1938.0,1917.0,1935.0,1016,1938.3999895368304,1940.3166544596354,-1.5442220572518095
2022-04-04,1929.199951171875,1936.0999755859375,1915.5999755859375,1921.199951171875,371,1933.7714146205358,1941.3366536458334,0.5262870988705926
2022-04-05,1922.9000244140625,1943.5,1918.4000244140625,1927.0999755859375,412,1929.3571254185267,1941.8966552734375,-0.3265564439800861
2022-04-06,1918.4000244140625,1931.800048828125,1916.699951171875,1916.699951171875,138,1926.3285609654017,1942.2033243815104,-0.23402152700950918
2022-04-07,1933.800048828125,1934.800048828125,1919.5,1919.5,311,1929.4428536551338,1942.4933268229167,0.8027535559882004
2022-04-08,1941.5999755859375,1947.699951171875,1928.800048828125,1928.800048828125,153,1930.5999930245537,1944.3299926757813,0.4033471176370762
2022-04-11,1944.300048828125,1968.4000244140625,1941.800048828125,1946.5999755859375,163,1929.9000069754463,1945.82666015625,0.13906434261119482
2022-04-12,1972.0999755859375,1977.0999755859375,1950.5999755859375,1952.5,246,1937.471435546875,1946.8166585286458,1.4298166980229343
2022-04-13,1981.0,1981.0,1969.5,1969.5,204,1944.8714425223213,1948.8199910481771,0.45129681680657896
2022-04-14,1970.9000244140625,1978.699951171875,1963.0,1977.199951171875,101,1951.7285853794642,1950.0366577148438,-0.5098422809660552
2022-04-18,1982.9000244140625,1997.0999755859375,1972.800048828125,1973.4000244140625,196,1960.94287109375,1950.6299926757813,0.6088588894085367
2022-04-19,1955.699951171875,1978.300048828125,1945.699951171875,1973.800048828125,130,1964.0714285714287,1949.3566569010416,-1.371731953567601
2022-04-20,1952.300048828125,1953.5999755859375,1945.5,1945.5,621,1965.6000104631696,1946.4299926757812,-0.1738458060354664
2022-04-21,1944.9000244140625,1944.9000244140625,1942.5,1942.5,4,1965.6857212611608,1945.0633260091147,-0.37904134758919295
2022-04-22,1931.0,1950.4000244140625,1930.199951171875,1949.5999755859375,178,1959.8142961774554,1942.82666015625,-0.7146909475848284
2022-04-25,1893.199951171875,1925.0,1889.300048828125,1925.0,748,1947.2714320591517,1939.8433268229167,-1.9575374846258375
2022-04-26,1901.4000244140625,1909.0999755859375,1894.0,1900.5,302,1937.3428606305804,1937.9033284505208,0.43313297346705415
2022-04-27,1885.9000244140625,1900.5999755859375,1882.199951171875,1897.800048828125,1786,1923.4857177734375,1936.483329264323,-0.815188797779498
2022-04-28,1888.699951171875,1893.0,1872.9000244140625,1883.800048828125,513,1913.9142892020088,1935.8399943033853,0.14846634082219534
2022-04-29,1909.300048828125,1918.199951171875,1902.4000244140625,1902.699951171875,132,1907.7714320591517,1934.7466634114583,1.0907025037761198
2022-05-02,1861.800048828125,1896.800048828125,1853.0,1896.699951171875,385,1895.9000069754463,1932.5333333333333,-2.4878226986457253
2022-05-03,1868.800048828125,1868.800048828125,1868.800048828125,1868.800048828125,466,1887.0142996651787,1930.5400024414062,0.375980224321415
2022-05-04,1867.0,1867.0,1867.0,1867.0,1,1883.271449497768,1928.7500040690104,-0.09632110344034439
2022-05-05,1874.0,1904.300048828125,1874.0,1897.0,80,1879.3571602957588,1926.6633382161458,0.3749330476700674
2022-05-06,1881.199951171875,1890.300048828125,1871.5,1874.699951171875,214,1878.6857212611608,1923.9833374023438,0.3842023037286646
2022-05-09,1857.0999755859375,1867.5,1854.0,1866.5999755859375,304,1874.1714390345983,1920.7600016276042,-1.2810959074778139
2022-05-10,1839.9000244140625,1839.9000244140625,1839.9000244140625,1839.9000244140625,1540,1864.2571498325892,1917.436669921875,-0.9261726023365169
2022-05-11,1852.5999755859375,1852.5999755859375,1841.0,1841.5,892,1862.9428536551338,1915.456669108073,0.6902522421520896
2022-05-12,1823.800048828125,1851.9000244140625,1822.199951171875,1849.800048828125,153,1856.5142822265625,1911.8000040690104,-1.5545680199366085
2022-05-13,1807.4000244140625,1825.0,1807.4000244140625,1825.0,335,1848.0,1907.07333984375,-0.8992227204183023
2022-05-16,1813.5,1813.5,1787.0,1790.5,34,1839.357142857143,1903.553340657552,0.33750002785990496
2022-05-17,1818.199951171875,1828.5999755859375,1816.699951171875,1824.9000244140625,121,1830.357142857143,1899.853340657552,0.2591646634615419
2022-05-18,1815.9000244140625,1819.699951171875,1805.0,1815.0,311,1824.471435546875,1896.2866739908854,-0.1264947101296654
2022-05-19,1841.199951171875,1841.199951171875,1810.699951171875,1810.9000244140625,138,1824.6571393694196,1893.7133382161458,1.3932444747874362
2022-05-20,1841.800048828125,1841.800048828125,1836.300048828125,1839.0999755859375,110,1823.114292689732,1890.6466715494792,0.032592747782111964
2022-05-23,1847.800048828125,1863.0,1845.800048828125,1846.300048828125,216,1826.5428641183037,1887.5200073242188,0.3257682615340096
2022-05-24,1865.0999755859375,1867.0,1852.5,1852.5,33,1834.7857142857142,1884.8800048828125,0.9362445232526273
2022-05-25,1846.199951171875,1846.199951171875,1846.199951171875,1846.199951171875,0,1839.4571358816963,1880.6833374023438,-1.0133518128498609
2022-05-26,1847.4000244140625,1847.4000244140625,1840.4000244140625,1840.4000244140625,123355,1843.6285749162946,1876.2300048828124,0.06500234394577475
2022-05-27,1851.300048828125,1860.699951171875,1845.9000244140625,1848.300048828125,30091,1848.6857212611608,1872.243339029948,0.21110882118231533
2022-05-31,1842.699951171875,1862.0999755859375,1832.800048828125,1850.300048828125,4073,1848.9000069754463,1867.5700032552083,-0.4645436952099624
2022-06-01,1843.300048828125,1847.9000244140625,1825.300048828125,1831.0,1623,1849.114292689732,1863.82333984375,0.032566216538310044
2022-06-02,1866.5,1868.699951171875,1842.0999755859375,1845.4000244140625,551,1851.7857142857142,1860.9633382161458,1.2586095891780724
2022-06-03,1845.4000244140625,1871.800048828125,1845.4000244140625,1867.5999755859375,53,1848.971435546875,1857.6466715494792,-1.1304567686009959
2022-06-06,1839.199951171875,1854.0999755859375,1839.199951171875,1849.0,142,1847.971435546875,1854.586669921875,-0.33597448575715116
2022-06-07,1847.5,1851.5999755859375,1835.0,1836.9000244140625,1168,1847.9857177734375,1853.063338216146,0.45128583343190254
2022-06-08,1851.9000244140625,1855.0,1844.4000244140625,1844.800048828125,218,1848.0714285714287,1851.4133382161458,0.2381609967016196
2022-06-09,1848.800048828125,1850.0999755859375,1837.9000244140625,1846.0999755859375,159,1848.94287109375,1850.1766723632813,-0.16739432718125835
2022-06-10,1871.5,1875.5999755859375,1823.9000244140625,1842.699951171875,1490,1852.971435546875,1849.603340657552,1.2278207795517693
2022-06-13,1828.0,1873.800048828125,1818.699951171875,1873.800048828125,127,1847.471435546875,1846.8933390299478,-2.3243387656959658
2022-06-14,1809.5,1825.5,1805.300048828125,1825.0,536,1842.3428606305804,1845.1500040690105,-1.0120350109409149
2022-06-15,1815.300048828125,1839.0,1810.800048828125,1814.0999755859375,108,1838.9285888671875,1843.3666707356772,0.32053323172838155
2022-06-16,1845.699951171875,1850.5999755859375,1814.9000244140625,1819.199951171875,136,1838.6714390345983,1842.656669108073,1.6746489024431321
2022-06-17,1835.5999755859375,1853.699951171875,1833.5999755859375,1853.699951171875,170,1836.3428606305804,1841.3766682942708,-0.5472165494464498
2022-06-21,1834.5999755859375,1838.5999755859375,1830.0999755859375,1835.300048828125,216,1834.3142787388392,1839.8233357747397,-0.054478100528454476
2022-06-22,1834.300048828125,1842.699951171875,1821.5999755859375,1829.5,115,1829.0,1839.063338216146,-0.016348346331829244
2022-06-23,1825.699951171875,1841.199951171875,1825.699951171875,1835.5,9,1828.671421595982,1838.5900024414063,-0.46884901201110774
2022-06-24,1826.5,1826.5,1815.800048828125,1820.5,61,1831.0999930245537,1837.7200032552084,0.04382148488373261
2022-06-27,1820.9000244140625,1830.699951171875,1819.9000244140625,1830.5,77,1831.8999895368304,1837.6233357747396,-0.30659598061524296
2022-06-28,1817.5,1826.0,1817.5,1824.199951171875,391,1827.8714250837054,1837.9600016276042,-0.18672219059124862
2022-06-29,1813.699951171875,1830.300048828125,1812.800048828125,1818.300048828125,173,1824.7428501674108,1837.9666666666667,-0.20908109095598704
2022-06-30,1804.0999755859375,1817.300048828125,1801.0,1809.5999755859375,328,1820.385707310268,1837.4966674804687,-0.529303404332937
2022-07-01,1798.9000244140625,1806.0999755859375,1791.5999755859375,1795.5,77,1815.3285609654017,1836.930000813802,-0.28822965701699177
2022-07-05,1761.800048828125,1805.4000244140625,1761.800048828125,1805.4000244140625,64,1806.2000034877233,1834.2833374023437,-2.0623700640629905
2022-07-06,1734.9000244140625,1768.0,1734.0,1762.5,1729,1793.114292689732,1830.7200032552084,-1.5268488857152263
2022-07-07,1737.9000244140625,1745.199951171875,1737.0,1745.199951171875,1869,1781.2571498325892,1827.0566691080728,0.17292062699769684
2022-07-08,1740.5999755859375,1749.300048828125,1732.0999755859375,1738.0999755859375,370,1770.2714320591517,1822.906669108073,0.155357105353926
2022-07-11,1730.0,1736.699951171875,1730.0,1732.5,75,1758.3142961774554,1819.0333374023437,-0.6089840132491808
2022-07-12,1723.300048828125,1735.5,1723.300048828125,1734.199951171875,451,1746.771449497768,1814.8966715494792,-0.38728041455924345
2022-07-13,1734.199951171875,1734.199951171875,1710.0,1710.0,368,1737.5285818917412,1810.9933349609375,0.6325017138577804
2022-07-14,1704.5,1710.5,1704.5,1710.300048828125,1289,1729.3428606305804,1806.386669921875,-1.7126024684642305
2022-07-15,1702.4000244140625,1709.699951171875,1701.0999755859375,1705.4000244140625,721,1724.7000034877233,1801.6900024414062,-0.12320185309108167
2022-07-18,1709.199951171875,1712.4000244140625,1709.199951171875,1712.199951171875,264,1720.5999930245537,1796.4466674804687,0.39943178220718245
2022-07-19,1710.0,1714.4000244140625,1706.0999755859375,1712.300048828125,1684,1716.2285679408483,1791.9333333333334,0.04680838117134822
2022-07-20,1699.5,1708.5,1699.5,1707.0999755859375,130,1711.8714250837054,1787.2766682942708,-0.6140350877193002
2022-07-21,1712.699951171875,1715.5,1679.800048828125,1687.0,183,1710.3571254185267,1782.7833333333333,0.7766961560385477
2022-07-22,1727.0999755859375,1735.0,1713.0,1713.300048828125,61,1709.3428431919642,1778.6233317057292,0.8407791688327837
2022-07-25,1719.0,1732.0,1719.0,1727.0,67,1711.414271763393,1774.2966634114584,-0.4689928608903826
2022-07-26,1717.699951171875,1718.0,1717.699951171875,1718.0,1,1713.5999755859375,1769.1699951171875,-0.07562820407940318
2022-07-27,1719.0999755859375,1719.0999755859375,1719.0999755859375,1719.0999755859375,144865,1715.0142647879463,1765.5399943033854,0.08150576083485461
2022-07-28,1750.300048828125,1755.0,1732.0,1732.300048828125,37236,1720.7714146205358,1763.5666625976562,1.814907433266244
2022-07-29,1762.9000244140625,1765.699951171875,1750.0,1754.0,3485,1729.8285609654017,1761.8199951171875,0.7198751776515966
2022-08-01,1769.0,1772.5,1756.0999755859375,1763.9000244140625,705,1737.8714250837054,1759.263330078125,0.346019371572992
2022-08-02,1771.0999755859375,1786.5999755859375,1759.4000244140625,1772.0999755859375,1078,1744.1571393694196,1757.113330078125,0.11870975612988666
2022-08-03,1758.0,1770.5,1753.0,1756.699951171875,399,1749.7285679408483,1754.5599975585938,-0.7396519545207259
2022-08-04,1788.5,1792.0999755859375,1767.699951171875,1769.4000244140625,285,1759.8428606305804,1753.033329264323,1.7349260523321863
2022-08-05,1772.9000244140625,1791.4000244140625,1764.199951171875,1791.199951171875,645,1767.5285818917412,1751.273331705729,-0.8722379416235659
2022-08-08,1786.800048828125,1786.800048828125,1771.800048828125,1771.800048828125,127,1772.7428676060267,1749.95,0.7840275380816442
2022-08-09,1794.0,1796.0999755859375,1789.0,1790.0,249,1777.1857212611608,1749.0533325195313,0.40295225963291603
2022-08-10,1795.5999755859375,1804.9000244140625,1787.800048828125,1804.4000244140625,601,1780.9857177734375,1748.323331705729,0.0891848152696495
2022-08-11,1789.699951171875,1794.300048828125,1785.699951171875,1794.300048828125,1235,1783.642857142857,1747.523331705729,-0.32858233984645047
2022-08-12,1798.5999755859375,1800.4000244140625,1784.300048828125,1786.300048828125,187,1789.4428536551338,1747.339998372396,0.4972914263217554
2022-08-15,1781.4000244140625,1799.0,1774.699951171875,1799.0,64,1788.4285714285713,1746.7566650390625,-0.9562966421297614
2022-08-16,1773.199951171875,1777.4000244140625,1771.4000244140625,1777.4000244140625,308,1788.4714181082588,1747.1366617838542,-0.46031621925483046
2022-08-17,1760.300048828125,1769.699951171875,1760.0,1769.699951171875,23,1784.6857038225446,1747.983329264323,-0.7274928208307663
2022-08-18,1755.300048828125,1762.9000244140625,1753.4000244140625,1762.9000244140625,321,1779.1571393694196,1748.563330078125,-0.2840424848779999
2022-08-19,1747.5999755859375,1754.300048828125,1747.5,1753.699951171875,49,1772.2999965122767,1748.7966634114584,-0.4386756126012914
2022-08-22,1734.0,1740.5,1726.5,1740.5,347,1764.3428606305804,1748.9299967447917,-0.7782087305979513
2022-08-23,1746.800048828125,1748.9000244140625,1731.9000244140625,1738.0,509,1756.94287109375,1749.713330078125,0.7381804399149372
2022-08-24,1747.800048828125,1751.800048828125,1743.5999755859375,1745.0,187,1752.1428745814733,1750.1666666666667,0.05724753675562244
2022-08-25,1757.699951171875,1761.800048828125,1755.0,1761.5999755859375,172,1749.9285888671875,1751.9399983723958,0.5664207613672811
2022-08-26,1736.0999755859375,1755.0,1736.0999755859375,1754.0,202,1746.471435546875,1753.063330078125,-1.2288772933933712
2022-08-29,1736.5999755859375,1741.199951171875,1732.0999755859375,1732.4000244140625,950,1743.7999965122767,1753.9766642252605,0.028800184726174294
2022-08-30,1723.199951171875,1739.0,1720.699951171875,1736.4000244140625,385,1740.3142787388392,1754.4166625976563,-0.7716241277465952
2022-08-31,1712.800048828125,1720.9000244140625,1708.5,1718.300048828125,2133,1737.2857142857142,1754.8599975585937,-0.6035226693615781
2022-09-01,1696.5999755859375,1707.9000244140625,1693.9000244140625,1707.9000244140625,683,1730.1142752511162,1754.323331705729,-0.9458239596192963
2022-09-02,1709.800048828125,1715.699951171875,1703.0999755859375,1703.4000244140625,182,1724.6857038225446,1753.7466674804687,0.7780309697121623
2022-09-06,1700.4000244140625,1717.4000244140625,1699.699951171875,1709.699951171875,697,1716.5,1753.1266682942708,-0.5497733153362105
2022-09-07,1715.300048828125,1715.300048828125,1694.699951171875,1694.800048828125,651,1713.5285818917412,1753.0466715494792,0.8762658315767169
2022-09-08,1708.0,1718.199951171875,1705.300048828125,1718.199951171875,1193,1709.44287109375,1752.6766723632813,-0.4255843654357938
2022-09-09,1716.199951171875,1720.0,1712.800048828125,1719.199951171875,635,1708.44287109375,1751.5400024414062,0.48009081802546927
2022-09-12,1728.0999755859375,1728.0999755859375,1727.4000244140625,1727.4000244140625,68,1710.6285749162946,1750.380000813802,0.6933938208037338
2022-09-13,1705.0,1720.5,1697.300048828125,1720.5,432,1711.828578404018,1748.2466674804687,-1.3367268047154046
2022-09-14,1696.5,1701.800048828125,1696.5,1698.699951171875,532,1709.9285714285713,1745.7600016276042,-0.49853372434017773
2022-09-15,1665.4000244140625,1686.0,1662.300048828125,1685.5,1125,1704.9285714285713,1742.6733357747396,-1.833184532032861
2022-09-16,1671.699951171875,1674.9000244140625,1651.699951171875,1660.4000244140625,464,1698.699986049107,1738.7800008138022,0.37828309507974556
2022-09-19,1666.199951171875,1669.4000244140625,1658.5,1661.800048828125,580,1692.728550502232,1735.2233317057292,-0.3290064102798196
2022-09-20,1659.699951171875,1659.699951171875,1659.699951171875,1659.699951171875,2830,1684.6571219308037,1730.986661783854,-0.39010924201674513
2022-09-21,1664.5999755859375,1680.0999755859375,1664.5999755859375,1665.5,2337,1675.585693359375,1726.6733276367188,0.2952355581262056
2022-09-22,1670.800048828125,1670.800048828125,1668.300048828125,1668.300048828125,973,1670.699986049107,1722.513330078125,0.372466258147397
2022-09-23,1645.300048828125,1667.0,1645.300048828125,1667.0,1224,1663.385707310268,1717.7,-1.526214942229942
2022-09-26,1623.300048828125,1623.300048828125,1623.300048828125,1623.300048828125,1205,1657.3714250837054,1711.856669108073,-1.3371421228407288
2022-09-27,1626.699951171875,1636.5999755859375,1626.699951171875,1632.199951171875,888,1650.9428536551338,1706.7,0.2094438638256868
2022-09-28,1660.4000244140625,1660.4000244140625,1620.4000244140625,1620.4000244140625,18311,1650.114292689732,1702.9400024414062,2.071683423726056
2022-09-29,1658.5,1662.5999755859375,1640.0,1657.0,6028,1649.94287109375,1699.5466674804688,-0.11443172645898558
2022-09-30,1662.4000244140625,1672.699951171875,1658.0,1661.699951171875,548,1649.6285923549108,1696.45,0.23515371806226426
2022-10-03,1692.9000244140625,1700.0,1661.9000244140625,1667.199951171875,410,1652.7857317243304,1694.6266682942708,1.8346967969246952
2022-10-04,1721.0999755859375,1728.0,1696.0,1701.199951171875,291,1663.614292689732,1694.1966674804687,1.6657777048373124
2022-10-05,1711.4000244140625,1726.5999755859375,1703.0,1724.0999755859375,418,1676.2000034877233,1693.0166666666667,-0.563590221920296
2022-10-06,1711.699951171875,1723.300048828125,1709.0999755859375,1721.0,133,1688.3428606305804,1691.813330078125,0.017525228090087275
2022-10-07,1700.5,1710.0999755859375,1693.699951171875,1710.0999755859375,179,1694.0714285714287,1689.9066650390625,-0.6543174324569634
2022-10-10,1667.300048828125,1693.4000244140625,1667.0,1693.4000244140625,195,1695.328578404018,1687.6133341471354,-1.9523640794986807
2022-10-11,1678.699951171875,1678.699951171875,1661.0,1661.800048828125,167,1697.6571393694196,1685.6833333333334,0.6837343015591246
2022-10-12,1670.300048828125,1672.699951171875,1668.0,1668.0,149,1694.4285714285713,1683.9200032552083,-0.5003814015653085
2022-10-13,1670.0,1675.300048828125,1641.5,1675.199951171875,729,1687.1285749162946,1682.4933349609375,-0.017963768146656012
2022-10-14,1641.699951171875,1667.0,1640.0,1665.300048828125,82,1677.171421595982,1680.6633341471354,-1.6946137022829322
2022-10-17,1657.0,1657.0,1646.800048828125,1650.199951171875,238,1669.357142857143,1678.9033325195312,0.931963774330602
2022-10-18,1649.0,1655.199951171875,1649.0,1651.4000244140625,597,1662.0,1677.1899983723958,-0.48280024140011646
2022-10-19,1627.5,1637.5,1627.5,1637.5,84,1656.3142787388392,1674.263330078125,-1.3038204972710687
2022-10-20,1630.800048828125,1641.4000244140625,1622.800048828125,1622.800048828125,477,1649.471435546875,1671.6899983723958,0.20276797715053085
2022-10-21,1651.0,1653.9000244140625,1634.0999755859375,1634.0999755859375,224,1646.7142857142858,1669.5166666666667,1.23865284320972
2022-10-24,1648.699951171875,1662.699951171875,1648.699951171875,1662.699951171875,29,1643.671421595982,1666.869999186198,-0.1393124668761403
2022-10-25,1652.800048828125,1652.800048828125,1637.300048828125,1648.199951171875,880,1645.2571498325892,1665.130000813802,0.24868670938793525
2022-10-26,1664.0,1667.0,1649.800048828125,1649.800048828125,89,1646.2571498325892,1664.0466674804688,0.6776349734389342
2022-10-27,1660.699951171875,1660.699951171875,1660.699951171875,1660.699951171875,2298,1647.9285714285713,1663.889998372396,-0.19832024207482313
2022-10-28,1639.5999755859375,1661.0,1638.699951171875,1661.0,626,1649.6571393694196,1662.819999186198,-1.2705471311086791
2022-10-31,1635.9000244140625,1641.800048828125,1633.4000244140625,1641.800048828125,522,1650.385707310268,1661.8100016276042,-0.22566182160088655
2022-11-01,1645.0,1653.699951171875,1630.800048828125,1630.800048828125,985,1649.528564453125,1661.3200032552083,0.5562672198869079
2022-11-02,1645.699951171875,1664.699951171875,1634.0,1650.800048828125,612,1649.0999930245537,1660.6900024414062,0.04255022321428825
2022-11-03,1627.300048828125,1629.199951171875,1615.0999755859375,1629.199951171875,1427,1645.4571358816963,1659.2400024414062,-1.1180593601310962
2022-11-04,1672.5,1674.5,1629.0,1630.199951171875,159,1646.671421595982,1660.1466674804688,2.7776039953065323
2022-11-07,1676.5,1677.9000244140625,1672.9000244140625,1676.9000244140625,42,1648.9285714285713,1661.9199991861979,0.23916292974588416
2022-11-08,1712.0999755859375,1712.0999755859375,1703.199951171875,1703.199951171875,23,1659.2857142857142,1664.7666666666667,2.123470061791677
2022-11-09,1710.0999755859375,1720.199951171875,1706.0,1707.4000244140625,497,1669.885707310268,1666.4233317057292,-0.1168156082307914
2022-11-10,1750.300048828125,1750.300048828125,1708.199951171875,1708.199951171875,325,1684.9285714285713,1669.4833333333333,2.3507440393017776
2022-11-11,1766.0,1766.0,1757.5999755859375,1763.800048828125,257,1702.114292689732,1672.9366658528645,0.8969862728614109
2022-11-14,1773.5999755859375,1773.5999755859375,1761.5999755859375,1762.0,358,1723.0142822265625,1675.6266642252604,0.43034969342794493
2022-11-15,1773.800048828125,1773.800048828125,1769.9000244140625,1770.800048828125,57,1737.4857177734375,1677.3833333333334,0.01128062950730424
2022-11-16,1773.0,1778.9000244140625,1773.0,1776.5999755859375,303,1751.2714320591517,1679.4366658528645,-0.04510366479320016
2022-11-17,1760.800048828125,1763.0,1756.0,1763.0,18,1758.2285853794642,1681.0733357747397,-0.6880965127961103
2022-11-18,1751.9000244140625,1763.300048828125,1747.5999755859375,1763.300048828125,414,1764.2000209263392,1682.786669921875,-0.5054534397580079
2022-11-21,1737.4000244140625,1744.9000244140625,1736.0999755859375,1739.0,544,1762.3571602957588,1685.1233357747396,-0.827672800840884
2022-11-22,1738.300048828125,1741.699951171875,1738.300048828125,1741.699951171875,15,1758.4000244140625,1687.1100056966145,0.051802947013657175
2022-11-23,1744.9000244140625,1750.9000244140625,1736.5,1736.5,39,1754.3000313895088,1689.5966715494792,0.3796798826754211
2022-11-25,1753.300048828125,1757.9000244140625,1749.199951171875,1753.0,216,1751.3714599609375,1692.37333984375,0.48140433815875294
2022-11-28,1740.0999755859375,1741.300048828125,1740.0999755859375,1741.300048828125,132767,1746.6714564732142,1695.653340657552,-0.7528701804925042
2022-11-29,1748.4000244140625,1758.199951171875,1737.9000244140625,1739.5,19416,1744.9000244140625,1698.7000081380208,0.47698689411970197
2022-11-30,1746.0,1769.4000244140625,1745.0999755859375,1748.0999755859375,3339,1744.057163783482,1701.9333414713542,-0.13726975409227293
2022-12-01,1801.0999755859375,1803.699951171875,1768.699951171875,1768.699951171875,1053,1753.1571568080358,1707.7200073242188,3.155783252344646
2022-12-02,1795.9000244140625,1802.300048828125,1779.4000244140625,1802.0,1725,1761.3857247488838,1713.22333984375,-0.2887097463972421
2022-12-05,1767.4000244140625,1808.0,1764.300048828125,1795.699951171875,1713,1764.6000104631696,1717.103340657552,-1.5869480267588165
2022-12-06,1769.300048828125,1779.4000244140625,1767.9000244140625,1768.5999755859375,105,1766.8857247488838,1721.1233439127604,0.10750392598259939
2022-12-07,1785.5,1790.300048828125,1769.300048828125,1769.300048828125,422,1773.3714425223213,1725.5466756184896,0.9156135604362126
2022-12-08,1788.699951171875,1790.9000244140625,1782.0,1782.0,713,1779.1285749162946,1729.7033406575522,0.1792187718776317
2022-12-09,1798.0999755859375,1804.300048828125,1791.0999755859375,1794.9000244140625,125,1786.5714285714287,1734.283341471354,0.5255227075901647
2022-12-12,1780.5,1793.9000244140625,1777.699951171875,1787.300048828125,85,1783.6285749162946,1738.9800089518228,-0.9788096226519438
2022-12-13,1813.9000244140625,1819.800048828125,1780.5,1780.699951171875,205,1786.2000034877233,1744.9133422851562,1.8758789336738246
2022-12-14,1807.5,1812.800048828125,1797.9000244140625,1810.800048828125,1074,1791.9285714285713,1750.330008951823,-0.3528322580032994
2022-12-15,1777.199951171875,1801.0,1774.800048828125,1801.0,421,1793.05712890625,1754.7133422851562,-1.6763512491355437
2022-12-16,1790.0,1791.4000244140625,1777.9000244140625,1777.9000244140625,206,1793.699986049107,1760.1366739908854,0.720236843338018
2022-12-19,1787.699951171875,1796.300048828125,1785.5999755859375,1791.5999755859375,79,1793.55712890625,1763.9766723632813,-0.12849434793994474
2022-12-20,1815.9000244140625,1821.4000244140625,1786.5,1786.5,51,1796.0999930245537,1768.62333984375,1.5774500202733632
2022-12-21,1815.9000244140625,1821.4000244140625,1814.4000244140625,1817.4000244140625,35,1801.1571393694196,1772.083341471354,0.0
2022-12-22,1787.0,1818.0999755859375,1785.0,1818.0999755859375,411,1797.3142787388392,1774.6466756184896,-1.5914986522117425
2022-12-23,1795.9000244140625,1802.800048828125,1794.0999755859375,1794.300048828125,49,1795.6571393694196,1776.1666748046875,0.4980427763884965
2022-12-27,1814.800048828125,1826.300048828125,1803.4000244140625,1803.4000244140625,69,1801.0285818917412,1777.7933430989583,1.0523984719154278
2022-12-28,1807.9000244140625,1807.9000244140625,1803.0999755859375,1803.199951171875,434,1803.585728236607,1778.936678059896,-0.3802085204107186
2022-12-29,1819.5,1819.5,1805.800048828125,1805.800048828125,277,1808.1285923549108,1780.460009765625,0.6416270495763099
2022-12-30,1819.699951171875,1822.300048828125,1816.800048828125,1817.0,95,1808.6714390345983,1782.0166748046875,0.010989347176426634
2023-01-03,1839.699951171875,1839.699951171875,1836.199951171875,1836.199951171875,29,1812.0714285714287,1784.6466715494792,1.0990822957993807
2023-01-04,1852.800048828125,1859.0999755859375,1845.5999755859375,1845.5999755859375,25,1821.471435546875,1788.0100056966146,0.712077947705847
2023-01-05,1834.800048828125,1855.199951171875,1834.800048828125,1855.199951171875,24,1827.0285818917412,1791.2566731770833,-0.9715025650708919
2023-01-06,1864.199951171875,1868.199951171875,1835.300048828125,1838.4000244140625,26,1834.0857107979912,1795.4533365885416,1.6023491149636415
2023-01-09,1872.699951171875,1880.0,1867.0,1867.0,62,1843.3428431919642,1799.7133341471354,0.45595967292331174
2023-01-10,1871.5999755859375,1878.0999755859375,1871.5999755859375,1877.800048828125,101,1850.7856968470983,1803.6566650390625,-0.05873741734490068
2023-01-11,1874.5999755859375,1877.800048828125,1873.0999755859375,1873.0999755859375,1236,1858.6285574776787,1808.139998372396,0.16029066248843815
2023-01-12,1895.5,1897.4000244140625,1877.199951171875,1877.199951171875,59,1866.5999930245537,1813.043330891927,1.1149058298440373
2023-01-13,1918.4000244140625,1920.9000244140625,1898.300048828125,1899.0,512,1875.9714181082588,1818.7899983723958,1.2081257934087208
2023-01-17,1907.199951171875,1920.0999755859375,1905.199951171875,1920.0999755859375,706,1886.3142613002233,1822.3266642252604,-0.5838236603238345
2023-01-18,1904.4000244140625,1911.0999755859375,1903.0999755859375,1911.0999755859375,1027,1892.05712890625,1825.9433308919272,-0.1468082439962326
2023-01-19,1922.0999755859375,1931.800048828125,1922.0999755859375,1922.0999755859375,371,1899.1142752511162,1831.0999959309895,0.92942401517353
2023-01-20,1926.4000244140625,1928.5,1921.4000244140625,1922.0999755859375,1346,1906.9428536551338,1836.3366617838542,0.2237161897270301
2023-01-23,1927.0999755859375,1927.0999755859375,1915.0,1926.5,218,1914.4428536551338,1841.056660970052,0.03633467415926628
2023-01-24,1933.9000244140625,1936.800048828125,1931.800048828125,1931.800048828125,201,1919.9285714285713,1845.8966634114583,0.35286435131927085
2023-01-25,1941.199951171875,1941.199951171875,1939.800048828125,1941.199951171875,7,1923.1857038225446,1850.6666625976563,0.3774717754618351
2023-01-26,1929.0999755859375,1937.0999755859375,1927.0999755859375,1936.5999755859375,131,1926.3142787388392,1855.6199951171875,-0.6233245358693185
2023-01-27,1928.5999755859375,1928.5999755859375,1928.5999755859375,1928.5999755859375,150902,1929.7714146205358,1859.4433268229166,-0.025918822576742606
2023-01-30,1922.9000244140625,1933.5999755859375,1920.300048828125,1928.300048828125,27220,1929.885707310268,1863.2899943033854,-0.29554864896974564
2023-01-31,1929.5,1930.4000244140625,1900.5999755859375,1923.0,1910,1930.3285609654017,1868.3666625976562,0.34323030329923565
2023-02-01,1927.800048828125,1955.0,1922.0,1927.199951171875,2290,1930.4285714285713,1872.9599975585938,-0.08810319626199048
2023-02-02,1916.300048828125,1959.0999755859375,1911.300048828125,1952.300048828125,748,1927.9142892020088,1877.2466674804687,-0.5965348951511129
2023-02-03,1862.9000244140625,1917.0,1861.5,1912.4000244140625,992,1916.7285853794642,1878.8133341471355,-2.7866212520694877
2023-02-06,1866.199951171875,1880.0,1863.4000244140625,1865.5999755859375,424,1907.7428676060267,1880.4899983723958,0.17713922994071485
2023-02-07,1871.699951171875,1875.699951171875,1868.0,1870.0,297,1899.614292689732,1883.313330078125,0.29471654398802727
2023-02-08,1877.4000244140625,1880.4000244140625,1872.0999755859375,1872.0999755859375,230,1893.114292689732,1886.0299967447916,0.3045399044124819
2023-02-09,1866.199951171875,1884.5999755859375,1859.800048828125,1875.300048828125,223,1884.0714285714287,1887.7433268229167,-0.596573617584939
2023-02-10,1862.800048828125,1863.5,1852.4000244140625,1861.5999755859375,27,1874.7857142857142,1889.5733276367187,-0.1821831761176007
2023-02-13,1851.9000244140625,1861.0,1850.0,1859.0,569,1865.5857107979912,1890.6533284505208,-0.5851419437593264
2023-02-14,1854.0,1862.0,1846.199951171875,1854.0999755859375,656,1864.3142787388392,1891.7966634114584,0.11339573185662477
2023-02-15,1834.199951171875,1842.0,1828.199951171875,1842.0,368,1859.7428501674108,1891.613330078125,-1.067963798712246
2023-02-16,1842.0,1843.699951171875,1827.199951171875,1838.5999755859375,222,1855.5,1891.253328450521,0.42525618993400904
2023-02-17,1840.4000244140625,1842.199951171875,1818.4000244140625,1827.4000244140625,35,1850.2142857142858,1891.4399943033854,-0.08686078099552352
2023-02-21,1833.0,1843.0,1833.0,1842.5999755859375,862,1845.471435546875,1890.3999959309897,-0.40208782416303324
2023-02-22,1832.0,1836.199951171875,1825.0999755859375,1835.699951171875,278,1841.0714285714287,1889.043330891927,-0.054555373704312515
2023-02-23,1818.0,1827.5,1818.0,1826.4000244140625,291,1836.2285679408483,1887.2566650390625,-0.7641921397379958
2023-02-24,1808.800048828125,1808.800048828125,1808.800048828125,1808.800048828125,404,1829.7714320591517,1885.0633341471355,-0.5060479192450451
2023-02-27,1817.0,1817.5,1808.9000244140625,1811.5999755859375,829,1827.3142961774554,1882.4466674804687,0.4533365187151306
2023-02-28,1828.9000244140625,1830.0,1808.0999755859375,1808.0999755859375,618,1825.44287109375,1879.4633341471354,0.6549270453529266
2023-03-01,1837.699951171875,1841.699951171875,1827.0999755859375,1827.0999755859375,211,1825.0571463448662,1877.1466674804688,0.48115952979068677
2023-03-02,1833.5,1836.300048828125,1830.0,1830.0,154,1825.1285749162946,1874.7833333333333,-0.2285439018049007
2023-03-03,1847.699951171875,1855.4000244140625,1837.300048828125,1837.300048828125,61,1827.3714250837054,1872.3033325195313,0.7744723846127677
2023-03-06,1847.9000244140625,1853.800048828125,1844.199951171875,1853.300048828125,5,1831.642857142857,1869.6866658528645,0.01082823226037366
2023-03-07,1813.9000244140625,1840.9000244140625,1813.9000244140625,1840.9000244140625,450,1832.3714250837054,1865.9133341471354,-1.8399263786351705
2023-03-08,1812.699951171875,1812.9000244140625,1811.5,1811.5999755859375,75,1831.7571323939733,1861.8733317057292,-0.06615983384062885
2023-03-09,1829.300048828125,1829.300048828125,1815.5999755859375,1816.4000244140625,332,1831.8142787388392,1858.1433349609374,0.9157664314779934
2023-03-10,1862.0,1868.5,1852.0,1852.300048828125,248,1835.2857142857142,1855.906669108073,1.7875662985316731
2023-03-13,1911.699951171875,1913.0999755859375,1875.0999755859375,1890.800048828125,503,1846.4571358816963,1855.3433349609375,2.6691703099825492
2023-03-14,1906.199951171875,1912.199951171875,1901.0999755859375,1912.199951171875,107,1854.8142787388392,1854.7866658528646,-0.28770205264839754
2023-03-15,1926.5999755859375,1926.5999755859375,1898.5,1903.9000244140625,564,1866.05712890625,1854.6899983723958,1.0701933132209573
2023-03-16,1919.0,1931.699951171875,1909.9000244140625,1909.9000244140625,394,1881.0714111328125,1854.3966634114583,-0.3944760553433624
2023-03-17,1969.800048828125,1985.0999755859375,1946.0,1946.0,82,1903.5142822265625,1856.1799967447917,2.6472146340867697
2023-03-20,1979.199951171875,2003.9000244140625,1968.9000244140625,1988.300048828125,389,1924.9285539899554,1860.056660970052,0.4772008381938253
2023-03-21,1938.0,1973.800048828125,1938.0,1973.800048828125,47,1935.7856968470983,1862.4499959309896,-2.0816467354640267
2023-03-22,1946.800048828125,1974.0,1946.800048828125,1946.800048828125,50,1940.7999965122767,1864.9533325195312,0.4540788869001444
2023-03-23,1993.800048828125,1994.5999755859375,1990.5,1990.5,33,1953.3142961774554,1868.8333333333333,2.414218143681035
2023-03-24,1982.0999755859375,1995.4000244140625,1982.0999755859375,1991.699951171875,19,1961.2428676060267,1872.6966674804687,-0.5868227984578644
2023-03-27,1952.4000244140625,1957.199951171875,1952.4000244140625,1957.199951171875,877,1966.0142996651787,1875.6833333333334,-1.4984083314513619
2023-03-28,1972.4000244140625,1972.4000244140625,1972.4000244140625,1972.4000244140625,21,1966.3857247488838,1879.7,1.0243802371392663
2023-03-29,1966.0999755859375,1966.0999755859375,1966.0999755859375,1966.0999755859375,88563,1964.5142996651787,1883.4366658528645,-0.3194102996422643
2023-03-30,1980.300048828125,1984.4000244140625,1954.9000244140625,1965.9000244140625,10119,1970.557163783482,1888.3066691080728,0.7222457361536483
2023-03-31,1969.0,1986.800048828125,1968.0,1981.300048828125,957,1973.7285853794642,1892.5400024414062,-0.5706230646619459
2023-04-03,1983.9000244140625,1991.699951171875,1950.0,1968.0999755859375,737,1972.3142961774554,1897.3233357747397,0.7567305441372518
2023-04-04,2022.199951171875,2027.0999755859375,1979.0,1984.5999755859375,811,1978.0428641183037,1903.630000813802,1.9305371382877246
2023-04-05,2020.9000244140625,2033.800048828125,2013.5999755859375,2022.0999755859375,525,1987.828578404018,1909.926668294271,-0.06428280037585887
2023-04-06,2011.9000244140625,2023.300048828125,2005.0,2022.199951171875,0,1993.471435546875,1916.3900024414063,-0.4453461275309434
2023-04-10,1989.0999755859375,2006.5999755859375,1984.0,2000.0,652,1996.7571498325892,1922.4,-1.1332595333490847
2023-04-11,2004.800048828125,2006.5,1991.4000244140625,1991.4000244140625,68,2000.2571498325892,1928.660001627604,0.7893053860986932
2023-04-12,2010.9000244140625,2025.699951171875,2005.199951171875,2005.199951171875,172,2006.2428676060267,1934.726668294271,0.3042685274026846
2023-04-13,2041.300048828125,2048.60009765625,2015.5999755859375,2015.5999755859375,1043,2014.44287109375,1941.513338216146,1.5117620988104763
2023-04-14,2002.199951171875,2047.800048828125,1995.0,2041.0,718,2011.585728236607,1947.136669921875,-1.9154507774933327
2023-04-17,1994.199951171875,2007.5999755859375,1983.199951171875,2002.699951171875,554,2007.7714320591517,1952.0200032552084,-0.39956049321235865
2023-04-18,2007.4000244140625,2007.4000244140625,1996.9000244140625,1996.9000244140625,72,2007.1285749162946,1957.336669921875,0.661923255711172
2023-04-19,1995.199951171875,2006.4000244140625,1969.800048828125,2005.699951171875,61,2008.0,1963.380000813802,-0.607754961333562
2023-04-20,2007.5999755859375,2007.5999755859375,1998.0,1998.0,164,2008.3999895368304,1969.8766682942708,0.621492818641034
2023-04-21,1979.5,1996.199951171875,1974.0999755859375,1996.199951171875,132,2003.914271763393,1974.8833333333334,-1.3996800123359354
2023-04-24,1989.0999755859375,1989.800048828125,1977.4000244140625,1981.300048828125,145,1996.4571184430804,1979.119999186198,0.484969718915762
2023-04-25,1994.0,1999.0999755859375,1982.300048828125,1995.699951171875,306,1995.2856968470983,1981.8633341471354,0.24634379740611223
2023-04-26,1985.699951171875,1998.800048828125,1985.5999755859375,1997.800048828125,615,1994.0714111328125,1984.5133341471353,-0.416251194991224
2023-04-27,1989.9000244140625,2002.300048828125,1979.9000244140625,1990.5999755859375,355,1991.5714111328125,1986.6233357747396,0.2115160067214017
2023-04-28,1990.0999755859375,1990.0999755859375,1977.699951171875,1986.9000244140625,152,1990.8428431919642,1988.9933349609375,0.010048302398191211
2023-05-01,1983.4000244140625,2005.0,1976.9000244140625,1980.0999755859375,210,1987.385707310268,1989.4466674804687,-0.3366640497496798
2023-05-02,2014.300048828125,2018.0,1994.699951171875,1994.699951171875,1896,1992.357142857143,1990.6166707356772,1.5579320375974648
2023-05-03,2028.5999755859375,2035.0999755859375,2015.199951171875,2017.0999755859375,1349,1998.0,1993.636669921875,0.7099203897717121
2023-05-04,2048.0,2072.0,2040.0,2045.0,930,2005.7142857142858,1997.0100016276042,0.9563257738115283
2023-05-05,2017.4000244140625,2046.4000244140625,2004.300048828125,2046.4000244140625,59,2010.2428676060267,1997.7966674804688,-1.4941394329071045
2023-05-08,2026.300048828125,2026.300048828125,2022.5,2022.5,3,2015.44287109375,1999.2700032552084,0.4411630963793378
2023-05-09,2036.199951171875,2037.300048828125,2025.9000244140625,2026.5999755859375,241,2022.0285818917412,2002.0633341471355,0.4885704044411021
2023-05-10,2030.5,2044.300048828125,2029.5,2032.300048828125,248,2028.7571498325892,2004.0,-0.27993081762891503
2023-05-11,2014.699951171875,2038.300048828125,2014.0,2034.0999755859375,90,2028.8142787388392,2005.619999186198,-0.7781358693979334
2023-05-12,2014.5,2014.5,2014.5,2014.5,115,2026.7999965122767,2006.7599975585938,-0.009924612931011545
2023-05-15,2018.0,2018.0,2013.800048828125,2013.800048828125,3,2022.5142822265625,2008.393330891927,0.17374038222883748
2023-05-16,1988.4000244140625,1988.4000244140625,1988.4000244140625,1988.4000244140625,49,2018.3714250837054,2008.543330891927,-1.4667976008888806
2023-05-17,1980.699951171875,1983.5999755859375,1980.699951171875,1983.5999755859375,13,2011.8571254185267,2007.1599975585937,-0.38724970567511896
2023-05-18,1956.5,1956.800048828125,1956.5,1956.5,23,2000.4714181082588,2005.013330078125,-1.2217878410890615
2023-05-19,1978.699951171875,1978.699951171875,1960.0,1960.0,106,1993.0714111328125,2003.9066609700521,1.1346767785266998
2023-05-22,1974.800048828125,1980.5,1974.800048828125,1980.5,8,1987.3714250837054,2003.4299967447917,-0.19709417496271975
2023-05-23,1972.4000244140625,1972.4000244140625,1972.4000244140625,1972.4000244140625,1,1981.357142857143,2002.3499959309895,-0.1215325275835788
2023-05-24,1962.800048828125,1975.4000244140625,1962.800048828125,1975.4000244140625,189,1973.471435546875,2000.7466634114583,-0.48671544651746057
2023-05-25,1943.0999755859375,1943.0999755859375,1943.0999755859375,1943.0999755859375,1,1967.0,1997.4733276367188,-1.0036719356079749
2023-05-26,1944.0999755859375,1948.4000244140625,1944.0999755859375,1948.199951171875,166036,1961.7714320591517,1995.5366617838542,0.05146415586252395
2023-05-30,1958.0,1962.5999755859375,1931.0,1942.699951171875,37838,1961.9857177734375,1994.3299967447917,0.7149850619113884
2023-05-31,1963.9000244140625,1973.0,1953.0,1958.199951171875,5959,1959.8714425223213,1992.8799967447917,0.30132913248530624
2023-06-01,1978.0,1983.0,1954.300048828125,1963.199951171875,750,1960.328578404018,1992.3066650390624,0.7179579108230971
2023-06-02,1952.4000244140625,1982.5,1947.4000244140625,1977.0999755859375,356,1957.471435546875,1990.4666666666667,-1.2942353683487062
2023-06-05,1958.0,1961.9000244140625,1937.800048828125,1947.5,713,1956.7857142857142,1989.75,0.28682521593483834
2023-06-06,1965.5,1965.5,1958.800048828125,1960.800048828125,164,1959.9857177734375,1988.9633341471354,0.3830439223697635
2023-06-07,1942.699951171875,1968.4000244140625,1940.699951171875,1959.0,139,1959.7857142857142,1987.2533325195313,-1.1600126597875904
2023-06-08,1963.5999755859375,1969.0,1943.0999755859375,1943.199951171875,433,1960.5857107979912,1986.5166666666667,1.0758235929050786
2023-06-09,1962.199951171875,1969.800048828125,1960.300048828125,1965.0999755859375,49,1960.3428431919642,1985.593330891927,-0.07129886084077386
2023-06-12,1955.300048828125,1963.5,1951.4000244140625,1959.699951171875,212,1957.0999930245537,1984.4333333333334,-0.3516411433824196
2023-06-13,1944.5999755859375,1967.5,1940.300048828125,1960.5999755859375,343,1955.9857003348213,1983.139998372396,-0.5472343361623944
2023-06-14,1955.300048828125,1958.199951171875,1940.300048828125,1946.199951171875,202,1955.5999930245537,1981.1733317057292,0.550245468298094
2023-06-15,1957.800048828125,1958.800048828125,1926.0,1941.699951171875,329,1954.5,1978.8133341471355,0.12785761456397537
2023-06-16,1958.4000244140625,1962.9000244140625,1953.5,1961.4000244140625,119,1956.7428676060267,1975.8266682942708,0.030645396413020443
2023-06-20,1935.5,1958.5999755859375,1931.300048828125,1958.5999755859375,193,1952.7285853794642,1973.0966674804688,-1.1693231274807592
2023-06-21,1933.300048828125,1936.800048828125,1920.0,1935.5999755859375,557,1948.6000279017858,1969.9966674804687,-0.11366319668689728
2023-06-22,1912.699951171875,1921.0,1912.0999755859375,1920.0,237,1942.5142996651787,1965.880000813802,-1.0655406370437381
2023-06-23,1919.0999755859375,1932.5,1918.699951171875,1918.699951171875,105,1938.8714425223213,1962.1666666666667,0.334606816408467
2023-06-26,1923.699951171875,1928.5,1922.5,1922.9000244140625,71,1934.357142857143,1959.1333333333334,0.23969442157556475
2023-06-27,1914.0,1929.4000244140625,1914.0,1927.0,49,1928.0999930245537,1955.7833333333333,-0.5042341018913099
2023-06-28,1912.300048828125,1912.300048828125,1912.300048828125,1912.300048828125,628,1921.5142822265625,1952.2600016276042,-0.08881667564655249
2023-06-29,1909.199951171875,1909.9000244140625,1892.5,1909.9000244140625,289,1917.7571323939733,1949.619999186198,-0.16211355839005348
2023-06-30,1921.0999755859375,1921.0999755859375,1900.5999755859375,1908.5999755859375,445,1916.0142647879463,1947.6333333333334,0.623299011020717
2023-07-03,1921.699951171875,1929.5,1917.9000244140625,1917.9000244140625,41,1917.2999790736608,1946.4733317057292,0.031230836164808373
2023-07-05,1919.5999755859375,1933.9000244140625,1914.699951171875,1923.5,193,1917.3714076450892,1944.5033325195313,-0.10927697555785931
2023-07-06,1908.699951171875,1910.199951171875,1903.199951171875,1909.300048828125,81,1915.228550502232,1942.2999959309896,-0.5678279096005601
2023-07-07,1926.199951171875,1934.0999755859375,1913.4000244140625,1913.4000244140625,61,1916.971400669643,1940.7599934895834,0.9168544269755774
2023-07-10,1925.0,1926.0999755859375,1912.300048828125,1923.5999755859375,269,1918.785679408482,1939.4999918619792,-0.06229629333885933
2023-07-11,1931.300048828125,1937.0,1924.199951171875,1925.0,142,1921.942836216518,1939.1066609700522,0.32727526379869865
2023-07-12,1956.199951171875,1958.0,1932.199951171875,1932.300048828125,132,1926.9571184430804,1939.5099934895834,1.2892819196508976
2023-07-13,1959.199951171875,1961.0999755859375,1953.0,1961.0999755859375,121,1932.3142613002233,1939.5499918619792,0.15335855612319538
2023-07-14,1960.0999755859375,1960.5999755859375,1952.699951171875,1958.4000244140625,94,1938.0999755859375,1939.4233235677084,0.04593836445965227
2023-07-17,1952.4000244140625,1956.5,1946.5999755859375,1954.0,29,1944.3428431919642,1938.5699910481771,-0.39283461393714303
2023-07-18,1977.199951171875,1978.4000244140625,1963.4000244140625,1968.800048828125,83,1951.6285574776787,1939.3966552734375,1.2702277426602349
2023-07-19,1977.5,1977.5,1973.0,1977.0,35,1959.1285574776787,1940.0466552734374,0.015175441813419788
2023-07-20,1968.300048828125,1973.699951171875,1965.5999755859375,1973.699951171875,638,1964.414271763393,1940.139990234375,-0.46523141197850615
2023-07-21,1964.300048828125,1964.300048828125,1961.800048828125,1961.800048828125,50,1965.5714285714287,1940.8599934895833,-0.2032210486598074
2023-07-24,1960.300048828125,1965.5,1960.300048828125,1965.300048828125,2,1965.7285853794642,1940.7499959309896,-0.20363487759348375
2023-07-25,1962.0999755859375,1962.5,1953.0,1953.0,19,1966.0142996651787,1940.7466634114583,0.09181894164052018
2023-07-26,1968.9000244140625,1972.0,1966.199951171875,1966.199951171875,51,1968.3714425223213,1941.1999959309896,0.3465699461157268
2023-07-27,1945.4000244140625,1945.4000244140625,1945.4000244140625,1945.4000244140625,194253,1963.8285958426338,1941.2266642252605,-1.1935598409570591
2023-07-28,1960.4000244140625,1962.199951171875,1944.199951171875,1945.5,23155,1961.3857421875,1941.3966634114583,0.7710496459214289
2023-07-31,1970.5,1971.5999755859375,1950.0,1959.199951171875,1025,1961.7000209263392,1941.8199951171875,0.5151997276145792
2023-08-01,1940.699951171875,1965.4000244140625,1940.699951171875,1964.9000244140625,688,1958.328578404018,1941.2299926757812,-1.512308999143619
2023-08-02,1937.4000244140625,1953.5999755859375,1933.199951171875,1948.4000244140625,652,1955.0571463448662,1941.2933268229167,-0.170037967786818
2023-08-03,1932.0,1936.5,1928.0,1934.199951171875,773,1950.7571498325892,1941.2499918619792,-0.27872531981079085
2023-08-04,1939.5999755859375,1945.0,1920.0,1934.9000244140625,290,1946.5714285714287,1942.146659342448,0.3933734775329878
2023-08-07,1933.5,1941.0,1929.800048828125,1941.0,376,1944.8714250837054,1942.62666015625,-0.31449657984733426
2023-08-08,1924.0999755859375,1933.199951171875,1923.0,1931.699951171875,555,1939.6857038225446,1942.6399943033855,-0.4861662484645701
2023-08-09,1915.4000244140625,1928.800048828125,1913.699951171875,1925.4000244140625,451,1931.8142787388392,1942.686661783854,-0.4521569191967556
2023-08-10,1914.4000244140625,1927.800048828125,1911.4000244140625,1921.0999755859375,178,1928.0571463448662,1942.756660970052,-0.0522084153312008
2023-08-11,1912.9000244140625,1916.5999755859375,1911.800048828125,1913.0,57,1924.5571463448662,1942.8799967447917,-0.07835353013323498
2023-08-14,1910.5999755859375,1912.5999755859375,1903.300048828125,1909.300048828125,46,1921.5,1942.5299967447916,-0.12023884148516517
2023-08-15,1902.5,1907.699951171875,1895.0,1906.0,73,1916.2000034877233,1941.889998372396,-0.4239493190328014
2023-08-16,1896.0999755859375,1904.5,1890.300048828125,1904.5,22,1910.857142857143,1941.1066650390626,-0.33640075763797794
2023-08-17,1884.0999755859375,1902.4000244140625,1884.0,1893.699951171875,245,1905.142857142857,1940.2866658528646,-0.6328780209119422
2023-08-18,1886.0999755859375,1891.800048828125,1886.0999755859375,1891.800048828125,19,1900.9571358816963,1938.95,0.10615147953483284
2023-08-21,1893.300048828125,1893.5999755859375,1893.300048828125,1893.5999755859375,876,1897.9428536551338,1937.8933349609374,0.38174398681865007
2023-08-22,1896.4000244140625,1896.800048828125,1892.800048828125,1894.5999755859375,46,1895.5857107979912,1936.730000813802,0.16373398330900013
2023-08-23,1918.5,1918.5,1909.5999755859375,1909.5999755859375,547,1896.7142857142858,1935.4733357747396,1.165364654156531
2023-08-24,1918.199951171875,1920.800048828125,1918.199951171875,1920.0,337,1898.9571358816963,1934.106669108073,-0.015639761695329657
2023-08-25,1911.0999755859375,1919.800048828125,1911.0999755859375,1919.800048828125,195,1901.0999930245537,1932.4733357747396,-0.3701374083343034
2023-08-28,1917.9000244140625,1921.5,1915.5,1915.5,99,1905.9285714285713,1931.3233357747397,0.35581858170659064
2023-08-29,1936.5,1936.5,1916.9000244140625,1917.9000244140625,1674,1913.1285749162946,1929.966670735677,0.9698094451831452
2023-08-30,1944.300048828125,1946.4000244140625,1934.5999755859375,1936.0,396,1920.4142892020088,1928.8600056966145,0.40279105748128874
2023-08-31,1938.199951171875,1944.4000244140625,1938.199951171875,1944.4000244140625,491,1926.385707310268,1927.856669108073,-0.3137426067507776
2023-09-01,1939.800048828125,1950.0,1936.5999755859375,1950.0,167,1929.4285714285713,1927.0400024414062,0.08255586093077749
2023-09-05,1926.199951171875,1934.4000244140625,1924.699951171875,1934.4000244140625,113,1930.5714285714287,1925.9033325195312,-0.7011082232143528
2023-09-06,1918.0999755859375,1925.300048828125,1916.300048828125,1924.0999755859375,24,1931.5714285714287,1924.4366658528645,-0.4205158234486306
2023-09-07,1917.5,1921.5,1917.5,1917.5999755859375,41,1931.5142822265625,1922.7233317057292,-0.031279682684648424
2023-09-08,1918.4000244140625,1924.699951171875,1918.4000244140625,1924.0,105,1928.9285714285713,1921.823331705729,0.04693738795631397
2023-09-11,1923.300048828125,1928.300048828125,1921.800048828125,1923.0,50,1925.9285714285713,1920.5866658528646,0.2554224536959637
2023-09-12,1911.300048828125,1920.800048828125,1911.300048828125,1920.800048828125,365,1922.085728236607,1918.6133341471354,-0.6239276085554968
2023-09-13,1909.0999755859375,1914.5999755859375,1908.9000244140625,1910.300048828125,15,1917.7000034877233,1917.5600016276042,-0.11510873154303436
2023-09-14,1910.0,1910.0,1903.0,1903.0,169,1915.3857247488838,1916.6466674804688,0.047143912082781014
2023-09-15,1923.699951171875,1927.300048828125,1923.5,1923.5,8,1916.1857212611608,1916.369999186198,0.7172749304646509
2023-09-18,1931.5,1931.5,1926.4000244140625,1928.199951171875,19,1918.1857212611608,1916.1,0.40547117669642585
2023-09-19,1932.0,1934.0,1932.0,1934.0,6,1920.1285749162946,1916.05,0.025886616619197333
2023-09-20,1945.5999755859375,1945.5999755859375,1929.199951171875,1945.5999755859375,119,1923.3142787388392,1916.7666666666667,0.7039324837441852
2023-09-21,1919.199951171875,1924.0,1919.199951171875,1924.0,9,1924.442836216518,1916.893330891927,-1.35690916659843
2023-09-22,1925.4000244140625,1925.4000244140625,1925.4000244140625,1925.4000244140625,1,1926.7714146205358,1917.2599975585938,0.32305509586958436
2023-09-25,1916.5999755859375,1916.5999755859375,1916.5999755859375,1916.5999755859375,114,1927.7142682756696,1917.3833292643228,-0.45705041635714094
2023-09-26,1900.4000244140625,1905.0999755859375,1900.4000244140625,1905.0,161,1924.385707310268,1917.043330891927,-0.8452442543166794
2023-09-27,1871.5999755859375,1871.5999755859375,1871.5999755859375,1871.5999755859375,12251,1915.8285609654017,1916.013330078125,-1.515472977169885
2023-09-28,1860.4000244140625,1878.199951171875,1856.699951171875,1875.5,4654,1905.5999930245537,1914.823331705729,-0.5984158643926429
2023-09-29,1848.0999755859375,1872.300048828125,1846.0,1864.300048828125,1605,1891.671421595982,1913.6233317057292,-0.6611507561121943
2023-10-02,1830.0,1845.9000244140625,1826.699951171875,1844.0999755859375,2309,1878.9285714285713,1911.7533325195313,-0.9793829243571639
2023-10-03,1824.5999755859375,1830.9000244140625,1816.800048828125,1825.0,310,1864.528564453125,1909.463330078125,-0.29508330131489124
2023-10-04,1818.5,1828.199951171875,1816.4000244140625,1821.800048828125,357,1850.5142822265625,1906.8666625976562,-0.3343185173494634
2023-10-05,1816.5999755859375,1826.300048828125,1815.5999755859375,1826.300048828125,393,1838.5428466796875,1903.4699951171874,-0.10448305823824722
2023-10-06,1830.199951171875,1831.800048828125,1809.4000244140625,1819.0,390,1832.6285574776787,1900.5366617838542,0.748649992772954
2023-10-09,1849.5,1861.5,1842.5,1842.5,232,1831.0714111328125,1898.483329264323,1.054532255656948
2023-10-10,1861.0,1861.4000244140625,1852.800048828125,1857.0,236,1832.914271763393,1896.5866617838542,0.621789672884554
2023-10-11,1872.800048828125,1874.5999755859375,1869.0999755859375,1869.5,65,1839.028564453125,1894.463330078125,0.634070329292058
2023-10-12,1869.300048828125,1881.199951171875,1867.0,1874.699951171875,46,1845.4142892020088,1891.963330078125,-0.18688594130430447
2023-10-13,1927.4000244140625,1930.0999755859375,1877.5,1877.5,43,1860.971435546875,1891.6033325195312,3.108113950051017
2023-10-16,1921.0999755859375,1921.0999755859375,1910.300048828125,1910.4000244140625,53,1875.9000069754463,1890.9799967447916,-0.3268677362417427
2023-10-17,1922.699951171875,1925.800048828125,1914.300048828125,1914.300048828125,103,1889.114292689732,1890.863330078125,0.08328434783564376
2023-10-18,1955.300048828125,1957.9000244140625,1935.0,1935.0,67,1904.2285853794642,1892.1033325195312,1.6955374465152717
2023-10-19,1968.4000244140625,1977.699951171875,1945.699951171875,1950.0999755859375,1945,1919.5714460100446,1893.8,0.6699726517057414
2023-10-20,1982.5,1988.5999755859375,1980.4000244140625,1981.0999755859375,557,1935.2428676060267,1895.9366658528645,0.7163165723966358
2023-10-23,1976.300048828125,1978.9000244140625,1972.9000244140625,1976.199951171875,127,1950.5285818917412,1897.7033325195312,-0.31273398092686033
2023-10-24,1975.0,1975.0,1970.300048828125,1970.300048828125,10,1957.328578404018,1899.8266642252604,-0.06578195597859438
2023-10-25,1984.0999755859375,1985.300048828125,1971.199951171875,1971.199951171875,97,1966.328578404018,1902.3266642252604,0.46075825751581423
2023-10-26,1987.199951171875,1988.199951171875,1980.4000244140625,1988.199951171875,521,1975.5428641183037,1904.8999959309897,0.15624089632992888
2023-10-27,1988.5999755859375,1988.5999755859375,1988.5999755859375,1988.5999755859375,372,1980.2999965122767,1907.063330078125,0.07045211596532486
2023-10-30,1996.199951171875,2004.0999755859375,1992.5,2004.0999755859375,157,1984.2714146205358,1909.2199951171874,0.38217719396773653
2023-10-31,1985.199951171875,2001.0,1983.699951171875,1996.5,84,1984.6571219308037,1910.9933268229167,-0.5510470027585423
2023-11-01,1978.800048828125,1990.5,1977.800048828125,1990.5,41,1985.0142647879463,1912.0999959309895,-0.32238074255301896
2023-11-02,1985.5999755859375,1990.300048828125,1979.5,1989.0999755859375,39,1986.5285470145088,1914.313330078125,0.3436389018607322
2023-11-03,1991.5,1991.5,1989.0,1989.0,12,1987.585693359375,1916.5166625976562,0.2971406369161267
2023-11-06,1981.5999755859375,1981.5999755859375,1977.4000244140625,1981.5999755859375,130,1986.7856968470983,1918.683329264323,-0.4971139550119297
2023-11-07,1966.800048828125,1966.800048828125,1960.699951171875,1966.5,20,1983.671421595982,1920.8966634114583,-0.7468675282677251
2023-11-08,1951.5,1967.800048828125,1947.699951171875,1967.800048828125,43,1977.2857142857142,1923.5599975585938,-0.7779158251110085
2023-11-09,1964.199951171875,1964.199951171875,1945.300048828125,1951.699951171875,10,1974.2857142857142,1927.0199951171876,0.650778948084807
2023-11-10,1932.5999755859375,1959.5999755859375,1932.5999755859375,1959.5999755859375,375,1967.6857038225446,1929.8366617838542,-1.6087962718400628
2023-11-13,1945.5,1947.199951171875,1934.0,1939.9000244140625,191,1961.9571358816963,1933.686661783854,0.6674958386125196
2023-11-14,1961.800048828125,1965.800048828125,1961.800048828125,1965.800048828125,2,1957.7142857142858,1938.2599975585938,0.8378334015998412
2023-11-15,1960.0999755859375,1962.800048828125,1960.0,1962.800048828125,6,1954.642857142857,1942.9799967447916,-0.08665884391241274
2023-11-16,1983.9000244140625,1983.9000244140625,1964.5999755859375,1965.300048828125,39,1957.0857107979912,1948.5566650390624,1.2142262703212614
2023-11-17,1981.5999755859375,1984.0,1979.800048828125,1982.5,32,1961.385707310268,1953.6033325195312,-0.11593572255760298
2023-11-20,1977.699951171875,1979.4000244140625,1969.699951171875,1978.699951171875,182,1963.3142787388392,1957.8766642252604,-0.19681189251676834
2023-11-21,1999.300048828125,2005.5,1988.5,1990.699951171875,16,1972.8428606305804,1962.4866658528647,1.092182747107362
2023-11-22,1991.4000244140625,1999.4000244140625,1991.0,1999.0999755859375,6075,1979.4000069754463,1966.4399983723958,-0.3951395098846233
2023-11-24,2002.199951171875,2002.199951171875,1991.5,1991.9000244140625,63,1985.171421595982,1970.8699951171875,0.5423283431459369
2023-11-27,2011.800048828125,2011.800048828125,2011.699951171875,2011.699951171875,228,1992.5571463448662,1973.683329264323,0.47947746930225854
2023-11-28,2039.699951171875,2042.699951171875,2039.699951171875,2040.5999755859375,174665,2000.528564453125,1977.6366617838542,1.3868128872947194
2023-11-29,2047.0999755859375,2052.10009765625,2036.0,2041.699951171875,15290,2009.885707310268,1981.783329264323,0.362799656381374
2023-11-30,2038.0999755859375,2047.0999755859375,2033.0999755859375,2046.0999755859375,2506,2018.5142822265625,1984.5433268229167,-0.43964633419645294
2023-12-01,2071.0,2073.199951171875,2036.0,2038.300048828125,614,2028.7571323939733,1987.9633260091146,1.6142497820600843
2023-12-04,2024.0999755859375,2130.199951171875,2021.0,2075.300048828125,1071,2033.4285539899554,1989.349991861979,-2.2646076491580125
2023-12-05,2018.5,2037.0,2010.199951171875,2035.0999755859375,289,2035.7571323939733,1990.7566569010417,-0.27666496978818733
2023-12-06,2030.5,2035.800048828125,2019.0,2019.9000244140625,417,2038.4285539899554,1992.6066569010416,0.5945008669804297
2023-12-07,2029.9000244140625,2034.9000244140625,2024.0,2029.199951171875,67,2037.028564453125,1994.1333251953124,-0.02954816970881513
2023-12-08,1998.300048828125,2033.0999755859375,1995.0,2031.699951171875,449,2030.0571463448662,1994.503328450521,-1.5567257109156851
2023-12-11,1978.0,2004.199951171875,1977.199951171875,2004.0999755859375,651,2021.471435546875,1994.1499959309897,-1.0158659026220707
2023-12-12,1977.800048828125,1994.199951171875,1977.800048828125,1984.199951171875,95,2008.1571568080358,1993.5366658528646,-0.010108754897619754
2023-12-13,1982.300048828125,2024.800048828125,1975.0,1978.5,2252,2002.1857386997767,1993.4400024414062,0.22752552780380686
2023-12-14,2030.199951171875,2040.0999755859375,2024.300048828125,2024.699951171875,236,2003.8571602957588,1995.1533325195312,2.416380021383091
2023-12-15,2021.0999755859375,2043.4000244140625,2018.300048828125,2032.5999755859375,261,2002.5142996651787,1996.3366658528646,-0.44823050954585497
2023-12-18,2026.300048828125,2032.800048828125,2024.0,2024.300048828125,100,2002.0000174386162,1997.4966674804687,0.2572892635199775
2023-12-19,2038.4000244140625,2042.699951171875,2025.199951171875,2025.199951171875,498,2007.7285853794642,1999.3900024414063,0.5971462909915681
2023-12-20,2034.5,2037.0999755859375,2030.300048828125,2037.0999755859375,258,2015.800013950893,2001.6466674804688,-0.19132772602784565
2023-12-21,2039.0999755859375,2044.5,2033.0,2035.800048828125,228,2024.5571463448662,2004.5666666666666,0.2260985788123726
2023-12-22,2057.10009765625,2068.699951171875,2052.199951171875,2055.699951171875,202,2035.2428676060267,2007.6633382161458,0.8827483833959704
2023-12-26,2058.199951171875,2060.800048828125,2054.199951171875,2060.0,64,2039.2428676060267,2011.8500040690103,0.05346621279529451
2023-12-27,2081.89990234375,2081.89990234375,2064.800048828125,2067.300048828125,586,2047.9285714285713,2016.3966674804688,1.151489249544535
2023-12-28,2073.89990234375,2087.300048828125,2066.5,2081.60009765625,338,2054.7285505022323,2020.1333292643228,-0.3842643919140354
2023-12-29,2062.39990234375,2068.89990234375,2062.10009765625,2068.0,47,2058.1571044921875,2023.5433268229167,-0.5545108511265995
2024-01-02,2064.39990234375,2073.699951171875,2057.10009765625,2063.5,61,2062.4285191127233,2026.2266560872397,0.09697440335054708
2024-01-03,2034.199951171875,2044.0,2034.199951171875,2034.199951171875,54,2061.728515625,2027.9799886067708,-1.462892491788459
2024-01-04,2042.300048828125,2044.5,2038.0,2041.5999755859375,88,2059.6142229352677,2030.1333251953124,0.3981957452896312
2024-01-05,2042.4000244140625,2048.10009765625,2042.4000244140625,2044.5,12,2057.357090541295,2031.5699910481771,0.004895244750890981
2024-01-08,2026.5999755859375,2033.699951171875,2019.0999755859375,2019.0999755859375,10,2049.457101004464,2032.7433227539063,-0.7736020681187505
2024-01-09,2026.4000244140625,2035.800048828125,2026.4000244140625,2035.800048828125,27,2042.6714041573662,2033.5499918619792,-0.009866336439545709
2024-01-10,2021.699951171875,2035.5999755859375,2021.699951171875,2029.0,538,2036.8571254185267,2033.879988606771,-0.23194202455394386
2024-01-11,2014.300048828125,2025.0999755859375,2014.300048828125,2025.0999755859375,97,2029.7000034877233,2033.0333251953125,-0.3660237682382439
2024-01-12,2046.699951171875,2057.0,2031.0999755859375,2031.0999755859375,390,2031.4857177734375,2033.0199910481772,1.6084943433625654
2024-01-16,2026.0,2054.800048828125,2026.0,2051.699951171875,46,2029.1571393694196,2032.6166585286458,-1.011381817839141
2024-01-17,2002.5999755859375,2026.5,2002.5999755859375,2026.5,764,2023.4714181082588,2030.3366577148438,-1.1549863975351626
2024-01-18,2018.5999755859375,2018.5999755859375,2009.5,2012.800048828125,1474,2022.3285609654017,2030.1533243815104,0.7989613599849621
2024-01-19,2026.5,2036.0,2019.5,2023.199951171875,50,2022.3428431919642,2030.419991048177,0.3913615629451028
2024-01-22,2019.800048828125,2021.300048828125,2019.800048828125,2021.300048828125,12,2022.0714285714287,2030.0633260091147,-0.33061688486922813
2024-01-23,2023.699951171875,2030.300048828125,2022.5,2030.300048828125,15,2023.414271763393,2029.8566569010416,0.19308358498222322
2024-01-24,2013.9000244140625,2033.199951171875,2013.9000244140625,2023.199951171875,253,2018.7285679408483,2030.3766560872396,-0.4842578936733011
2024-01-25,2016.9000244140625,2022.4000244140625,2012.0999755859375,2012.0999755859375,548,2017.4285714285713,2031.6733235677084,0.14896469356133757
2024-01-26,2016.800048828125,2022.4000244140625,2016.800048828125,2021.699951171875,49,2019.4571533203125,2032.9733235677083,-0.004956893486407488
2024-01-29,2025.199951171875,2025.199951171875,2025.199951171875,2025.199951171875,150708,2020.4000069754463,2034.4033203125,0.4164965361157513
2024-01-30,2031.5,2048.5,2028.0999755859375,2032.5,26907,2021.114292689732,2034.4466552734375,0.3110828056498649
2024-01-31,2048.39990234375,2055.0,2030.0,2035.4000244140625,2007,2025.199986049107,2035.3566528320312,0.8318928055008667
2024-02-01,2053.0,2064.5,2029.0,2040.199951171875,947,2029.385707310268,2036.246651204427,0.2245702926946258
2024-02-02,2036.0999755859375,2055.89990234375,2027.699951171875,2054.800048828125,888,2032.55712890625,2036.1699829101562,-0.8231867712646168
2024-02-05,2025.699951171875,2040.800048828125,2013.800048828125,2038.9000244140625,412,2033.8142613002233,2035.8766479492188,-0.5107816187203462
2024-02-06,2034.5,2037.300048828125,2025.9000244140625,2025.9000244140625,249,2036.3428257533483,2035.7233154296875,0.43442015304557824
2024-02-07,2035.199951171875,2039.5,2032.699951171875,2032.800048828125,71,2037.7713971819196,2034.993310546875,0.03440408807446893
2024-02-08,2032.199951171875,2036.699951171875,2020.300048828125,2028.0,341,2037.8713902064733,2034.1266438802083,-0.14740566391389098
2024-02-09,2023.300048828125,2032.0,2020.0,2032.0,62,2034.2856968470983,2032.1733154296876,-0.43794422584342296
2024-02-12,2018.199951171875,2025.5,2011.5999755859375,2025.5,317,2029.3142613002233,2030.316650390625,-0.25206828118271574
2024-02-13,1992.9000244140625,2025.800048828125,1990.0,2025.0999755859375,198,2023.1428397042412,2027.9999877929688,-1.2535887112236854
2024-02-14,1990.300048828125,1993.5,1984.800048828125,1990.300048828125,1916,2018.0857107979912,2025.5299926757812,-0.13046191751149294
2024-02-15,2002.0999755859375,2007.199951171875,1993.5999755859375,1993.5999755859375,286,2013.4571358816963,2024.4599934895834,0.5928717514105619
2024-02-16,2011.5,2011.5,1996.5,2005.0,32,2010.0714285714287,2023.4333251953126,0.469508242779515
2024-02-20,2027.5,2029.0,2015.5999755859375,2015.5999755859375,1326,2009.4000069754463,2022.9366577148437,0.7954262987819982
2024-02-21,2022.300048828125,2028.199951171875,2022.300048828125,2028.199951171875,15,2009.2571498325892,2022.7933268229167,-0.25647108122688334
2024-02-22,2019.699951171875,2033.199951171875,2019.699951171875,2033.199951171875,964,2009.471435546875,2022.5699910481771,-0.12857130957182328
2024-02-23,2038.5999755859375,2038.5999755859375,2014.9000244140625,2026.0,22,2016.0,2023.1333251953124,0.9357837733815932
2024-02-26,2028.5,2035.4000244140625,2024.800048828125,2034.0999755859375,143,2021.4571358816963,2023.6066569010416,-0.4954368540613041
2024-02-27,2034.0,2035.9000244140625,2034.0,2035.9000244140625,964,2026.0142822265625,2023.1833251953126,0.2711363076164597
2024-02-28,2033.0,2037.0,2024.800048828125,2029.5,581,2029.0857107979912,2023.416658528646,-0.0491642084562427
2024-02-29,2045.699951171875,2049.800048828125,2034.300048828125,2034.300048828125,706,2031.6857038225446,2024.8533243815104,0.6246901707759545
2024-03-01,2086.89990234375,2086.89990234375,2041.800048828125,2043.0999755859375,1210,2040.9142543247767,2027.129988606771,2.0139782057614797
2024-03-04,2117.699951171875,2119.800048828125,2080.699951171875,2083.60009765625,805,2054.9142543247767,2030.1699869791667,1.4758757137097955
2024-03-05,2133.5,2133.5,2111.39990234375,2114.89990234375,1287,2068.4714006696427,2033.9599853515624,0.746094781717388
2024-03-06,2150.300048828125,2150.300048828125,2125.5,2125.5,443,2085.871407645089,2038.1799886067708,0.7874407700082076
2024-03-07,2158.0,2163.0,2147.0,2147.0,152,2103.585693359375,2042.9833211263021,0.3580872900073251
2024-03-08,2178.60009765625,2194.89990234375,2166.300048828125,2167.300048828125,259,2124.3857073102677,2048.373323567708,0.9545921064064045
2024-03-11,2182.5,2184.0,2177.199951171875,2181.0,738,2143.9285714285716,2053.8966552734373,0.17900955517011763
2024-03-12,2160.39990234375,2182.699951171875,2160.39990234375,2182.5,550,2154.4285714285716,2058.4033203125,-1.0126047036082442
2024-03-13,2175.39990234375,2175.39990234375,2162.5,2162.5,20,2162.6714215959823,2063.199983723958,0.6943158988170106
2024-03-14,2163.0,2163.0,2162.300048828125,2163.0,515,2166.8857073102677,2067.019986979167,-0.5700056495539285
2024-03-15,2157.300048828125,2161.699951171875,2157.300048828125,2161.699951171875,100,2167.8857073102677,2070.4966552734377,-0.26352062745608196
2024-03-18,2160.699951171875,2160.699951171875,2146.199951171875,2146.199951171875,21,2168.271414620536,2074.6499877929687,0.15759988257531
2024-03-19,2156.300048828125,2156.300048828125,2156.10009765625,2156.10009765625,12,2165.085693359375,2079.0033243815105,-0.20363319494517418
2024-03-20,2157.89990234375,2185.89990234375,2150.89990234375,2157.300048828125,17,2161.5713936941966,2083.1166544596354,0.0741943829428715
2024-03-21,2182.39990234375,2211.60009765625,2182.39990234375,2207.0,63,2164.7142508370534,2088.023319498698,1.1353631358614003
2024-03-22,2158.10009765625,2179.60009765625,2157.5,2179.199951171875,19,2162.242850167411,2092.2199910481772,-1.11344417956597
2024-03-25,2174.800048828125,2179.39990234375,2166.199951171875,2166.199951171875,79,2163.9285714285716,2097.269991048177,0.7738265333480765
2024-03-26,2175.60009765625,2182.699951171875,2175.60009765625,2182.699951171875,202373,2166.5428641183034,2102.5166625976562,0.03678723607516421
2024-03-27,2190.60009765625,2196.199951171875,2172.10009765625,2179.39990234375,31200,2170.8143136160716,2109.1066650390626,0.6894649442312106
2024-03-28,2217.39990234375,2234.10009765625,2187.10009765625,2193.60009765625,2040,2179.5428641183034,2116.67666015625,1.2234001411838502
2024-04-01,2236.5,2264.199951171875,2230.0,2235.699951171875,400,2190.7714494977677,2124.4899943033856,0.8613736131250604
2024-04-02,2261.0,2279.199951171875,2247.60009765625,2252.0,435,2202.0000348772323,2132.8066609700522,1.0954616588419341
2024-04-03,2294.39990234375,2298.800048828125,2267.89990234375,2281.699951171875,285,2221.471435546875,2141.7033243815104,1.4772181487726632
2024-04-04,2288.800048828125,2302.89990234375,2280.0,2301.699951171875,251,2237.757149832589,2150.5866577148436,-0.24406615036484114
2024-04-05,2325.699951171875,2328.39990234375,2267.39990234375,2289.199951171875,344,2259.1999860491073,2160.786657714844,1.6121942308871873
2024-04-08,2331.699951171875,2341.800048828125,2319.0,2325.60009765625,202,2279.357107979911,2170.5566569010416,0.25798684808746586
2024-04-09,2343.5,2364.699951171875,2337.800048828125,2337.800048828125,211,2297.371407645089,2181.0566569010416,0.5060706383852809
2024-04-10,2329.60009765625,2358.10009765625,2327.699951171875,2346.60009765625,377,2310.6714215959823,2190.9099934895835,-0.593125766748448
2024-04-11,2354.800048828125,2376.300048828125,2330.60009765625,2341.5,283,2324.0714285714284,2201.6366617838544,1.0817286278974603
2024-04-12,2356.199951171875,2429.0,2334.300048828125,2377.300048828125,584,2332.9000069754466,2211.9866617838543,0.0594488837575291
2024-04-15,2365.800048828125,2384.699951171875,2326.0,2362.10009765625,1801,2343.9000069754466,2221.2833333333333,0.40743985464710697
2024-04-16,2390.800048828125,2390.800048828125,2371.39990234375,2384.0,41,2353.200020926339,2230.386669921875,1.0567249760766284
2024-04-17,2371.699951171875,2391.39990234375,2369.300048828125,2384.199951171875,37,2358.914306640625,2238.326668294271,-0.7988998354593546
2024-04-18,2382.300048828125,2384.39990234375,2368.39990234375,2368.39990234375,128,2364.4571707589284,2246.0600016276044,0.4469409231556698
2024-04-19,2398.39990234375,2399.800048828125,2377.300048828125,2379.300048828125,160,2374.285714285714,2254.0733317057293,0.6758113245871167
2024-04-22,2332.199951171875,2383.300048828125,2326.89990234375,2383.300048828125,53,2371.05712890625,2259.193326822917,-2.7601715254901182
2024-04-23,2327.699951171875,2330.800048828125,2294.199951171875,2327.699951171875,171,2366.9857003348216,2264.0333251953125,-0.19295086588689836
2024-04-24,2324.5,2328.699951171875,2314.60009765625,2321.300048828125,95,2361.085693359375,2269.5033284505207,-0.13747266567858407
2024-04-25,2329.800048828125,2329.800048828125,2305.0,2315.0,1024,2352.371407645089,2274.65,0.22800812338674703
2024-04-26,2334.800048828125,2347.89990234375,2332.800048828125,2347.89990234375,717,2347.0999930245534,2280.376668294271,0.2146106916992796
2024-04-29,2345.39990234375,2345.5,2327.89990234375,2334.800048828125,405,2341.828543526786,2286.646663411458,0.4539940591891556
2024-04-30,2291.39990234375,2322.5,2291.39990234375,2322.5,113,2326.5428292410716,2291.0033284505207,-2.302379220960915
2024-05-01,2299.89990234375,2327.300048828125,2283.800048828125,2287.699951171875,42,2321.928536551339,2295.789990234375,0.37095227207202264
2024-05-02,2299.199951171875,2324.699951171875,2292.300048828125,2321.699951171875,56,2317.857107979911,2300.499991861979,-0.030433984155642246
2024-05-03,2299.0,2301.0,2277.60009765625,2300.0,194,2314.2142508370534,2304.3866617838544,-0.008696554285025915
2024-05-06,2321.60009765625,2325.5,2314.199951171875,2322.800048828125,9,2313.0428292410716,2309.836661783854,0.9830403504240914
2024-05-07,2315.199951171875,2324.300048828125,2315.199951171875,2324.300048828125,25,2310.2428152901784,2314.5166585286456,-0.2756782484130804
2024-05-08,2313.60009765625,2313.60009765625,2313.60009765625,2313.60009765625,4,2305.6999860491073,2319.116658528646,-0.06910217473075075
2024-05-09,2332.10009765625,2339.5,2310.699951171875,2310.699951171875,5,2311.5142996651784,2323.8333251953127,0.7996196066356154
2024-05-10,2367.300048828125,2367.300048828125,2367.300048828125,2367.300048828125,126,2321.142892020089,2328.8299967447915,1.509367081080737
2024-05-13,2336.10009765625,2358.300048828125,2336.10009765625,2358.300048828125,14,2326.4143415178573,2332.15,-1.3179550765995973
2024-05-14,2353.39990234375,2358.0,2336.0,2336.0,6,2334.1857561383927,2335.2299967447916,0.7405420985537647
2024-05-15,2388.699951171875,2388.699951171875,2356.0,2361.60009765625,29,2343.7714494977677,2338.373331705729,1.4999596453186603
2024-05-16,2380.0,2392.199951171875,2380.0,2389.5,7,2353.0285993303573,2341.413330078125,-0.36421280821004043
2024-05-17,2412.199951171875,2415.800048828125,2380.699951171875,2380.699951171875,213,2367.1142926897323,2344.296663411458,1.3529391248686906
2024-05-20,2433.89990234375,2435.800048828125,2409.699951171875,2415.800048828125,40,2381.6571219308034,2347.703328450521,0.8995917258572517
2024-05-21,2421.699951171875,2429.5,2421.0,2429.5,6,2389.428536551339,2350.309993489583,-0.5012511467758718
2024-05-22,2389.199951171875,2417.60009765625,2375.800048828125,2417.5,180,2397.014229910714,2352.2966552734374,-1.3420324835978548
2024-05-23,2335.0,2371.199951171875,2335.0,2371.199951171875,365,2394.385672433036,2351.636653645833,-2.2685397739645285
2024-05-24,2332.5,2345.39990234375,2332.5,2342.60009765625,25,2386.357107979911,2350.8466552734376,-0.10706638115631772
2024-05-28,2355.199951171875,2359.699951171875,2336.89990234375,2336.89990234375,26,2382.8142438616073,2350.4933186848957,0.9732026225884205
2024-05-29,2340.300048828125,2340.300048828125,2340.300048828125,2340.300048828125,119317,2372.5428292410716,2348.8099853515623,-0.6326385297492965
2024-05-30,2342.89990234375,2349.5,2320.800048828125,2336.89990234375,32587,2359.5428292410716,2347.8499837239583,0.11109060639156176
2024-05-31,2322.89990234375,2354.0,2319.0,2344.10009765625,941,2345.428536551339,2345.869978841146,-0.8536429567474357
2024-06-03,2346.60009765625,2347.5,2312.0,2322.60009765625,781,2339.342843191964,2344.143318684896,1.0202848296901212
2024-06-04,2325.5,2347.699951171875,2313.89990234375,2347.5,890,2337.9857003348216,2343.919986979167,-0.8991773961538829
2024-06-05,2354.10009765625,2354.300048828125,2326.199951171875,2326.39990234375,295,2341.0714285714284,2344.7999918619794,1.2298472438722952
2024-06-06,2370.300048828125,2375.800048828125,2355.0,2355.0,179,2343.228585379464,2346.32666015625,0.6881589779467623
2024-06-07,2305.199951171875,2385.10009765625,2285.39990234375,2379.89990234375,269,2338.214285714286,2345.506656901042,-2.7464918497738466
2024-06-10,2307.699951171875,2309.300048828125,2290.5,2290.60009765625,69,2333.185721261161,2344.6033203125,0.10845046212710763
2024-06-11,2307.5,2314.10009765625,2300.0,2300.0,871,2330.9857352120534,2343.339990234375,-0.008664522082846293
2024-06-12,2336.0,2338.699951171875,2310.300048828125,2314.89990234375,132,2329.471435546875,2344.82666015625,1.2351029252437806
2024-06-13,2300.199951171875,2317.699951171875,2296.199951171875,2309.39990234375,298,2325.8571428571427,2344.836661783854,-1.5325363368204226
2024-06-14,2331.39990234375,2331.39990234375,2305.800048828125,2307.0,948,2322.6142578125,2345.9099934895835,1.3564016969907167
2024-06-17,2312.39990234375,2320.199951171875,2309.60009765625,2320.199951171875,110,2314.3428083147323,2346.356656901042,-0.8149610017955
2024-06-18,2330.39990234375,2330.39990234375,2311.800048828125,2311.800048828125,43,2317.942801339286,2346.6499837239585,0.778412072313106
2024-06-20,2353.800048828125,2354.0,2328.300048828125,2328.89990234375,183,2324.5285295758927,2347.9366536458333,1.0041257923518065
2024-06-21,2316.39990234375,2331.199951171875,2316.39990234375,2331.199951171875,76,2325.7999441964284,2348.02998046875,-1.5889262345370136
2024-06-24,2330.0,2332.89990234375,2322.699951171875,2323.300048828125,99,2324.942801339286,2347.9599772135416,0.5871221822488115
2024-06-25,2316.60009765625,2333.0,2316.60009765625,2324.39990234375,105,2327.2856794084823,2346.269978841146,-0.5751031048819688
2024-06-26,2299.199951171875,2314.39990234375,2298.0,2307.89990234375,986,2322.6856863839284,2345.039973958333,-0.7511070426863498
2024-06-27,2324.5,2329.0,2295.0,2296.800048828125,1532,2324.4142717633927,2344.0766438802084,1.1003848888927692
2024-06-28,2327.699951171875,2338.300048828125,2319.0,2325.39990234375,92,2324.028564453125,2342.043310546875,0.13766191318025367
2024-07-01,2327.60009765625,2329.699951171875,2321.699951171875,2323.800048828125,237,2320.285714285714,2340.2966471354166,-0.004289793260281449
2024-07-02,2323.0,2334.60009765625,2323.0,2330.699951171875,30,2321.228585379464,2337.3233154296877,-0.19763264578318562
2024-07-03,2359.800048828125,2361.60009765625,2330.89990234375,2330.89990234375,59,2325.4857352120534,2334.8533203125,1.5841605177841167
2024-07-05,2388.5,2388.5,2354.89990234375,2354.89990234375,72,2335.757149832589,2333.7466552734377,1.2162026687865923
2024-07-08,2355.199951171875,2383.800048828125,2352.800048828125,2381.699951171875,64,2343.757149832589,2332.613321940104,-1.3941824922807156
2024-07-09,2360.10009765625,2363.699951171875,2360.10009765625,2363.10009765625,9,2348.8428780691966,2333.449991861979,0.20805649566768558
2024-07-10,2372.199951171875,2377.0,2365.800048828125,2366.300048828125,19,2355.200020926339,2334.7733235677083,0.5126839123324123
2024-07-11,2415.0,2416.699951171875,2378.699951171875,2378.699951171875,72,2367.685721261161,2336.7666585286456,1.804234453633713
2024-07-12,2414.0,2414.0,2391.300048828125,2399.800048828125,355,2380.685721261161,2339.223323567708,-0.041407867494824835
2024-07-15,2422.89990234375,2436.0,2422.89990234375,2430.0,540,2389.6999860491073,2341.889990234375,0.3686786389291541
2024-07-16,2462.39990234375,2462.39990234375,2427.39990234375,2427.39990234375,93,2400.2571149553573,2346.539990234375,1.6302778320222977
2024-07-17,2454.800048828125,2473.10009765625,2454.800048828125,2472.89990234375,10,2414.4857003348216,2350.1466552734373,-0.3086360387031917
2024-07-18,2451.800048828125,2466.0,2451.800048828125,2466.0,2,2427.585693359375,2354.356656901042,-0.12220954620854041
2024-07-19,2395.5,2419.199951171875,2395.5,2418.800048828125,15,2430.9142717633927,2355.7366536458335,-2.296274072391602
2024-07-22,2392.0,2402.10009765625,2392.0,2402.10009765625,18,2427.6285574776784,2356.4599853515624,-0.1461072844917588
2024-07-23,2404.60009765625,2404.60009765625,2388.699951171875,2395.800048828125,41,2426.285714285714,2359.7733235677083,0.5267599354619623
2024-07-24,2413.300048828125,2421.0,2411.60009765625,2421.0,6,2424.914306640625,2363.2933268229167,0.36180449216294264
2024-07-25,2351.89990234375,2365.5,2351.89990234375,2365.5,31,2409.128592354911,2364.7733235677083,-2.544240054782676
2024-07-26,2380.0,2386.89990234375,2368.699951171875,2368.699951171875,95,2398.44287109375,2366.239990234375,1.1947828914082192
2024-07-29,2377.300048828125,2377.300048828125,2377.300048828125,2377.300048828125,126409,2387.8000139508927,2368.809993489583,-0.11344332654936728
2024-07-30,2405.0,2409.300048828125,2373.800048828125,2380.89990234375,25944,2389.157156808036,2371.263330078125,1.1651853196036122
2024-07-31,2426.5,2447.60009765625,2402.800048828125,2407.10009765625,1313,2394.0857282366073,2375.0666666666666,0.8939708939708968
2024-08-01,2435.0,2455.10009765625,2430.39990234375,2446.699951171875,690,2398.4285714285716,2378.5533365885417,0.35029878425716365
2024-08-02,2425.699951171875,2477.0,2416.0,2444.0,550,2400.1999860491073,2380.95,-0.38193219006673607
2024-08-05,2401.699951171875,2449.800048828125,2367.39990234375,2442.0,334,2407.314278738839,2383.7933349609375,-0.9894051400877291
2024-08-06,2389.10009765625,2421.800048828125,2380.0,2414.5,163,2408.6142926897323,2385.7633382161457,-0.5246222996955541
2024-08-07,2390.5,2401.0,2384.5,2392.199951171875,130,2410.5,2388.226668294271,0.058595382634796245
2024-08-08,2422.199951171875,2422.800048828125,2384.300048828125,2384.300048828125,201,2412.9571358816966,2392.326668294271,1.326080366947302
2024-08-09,2432.10009765625,2432.10009765625,2418.5,2422.300048828125,611,2413.757149832589,2395.913338216146,0.4087254018639186
2024-08-12,2462.39990234375,2469.800048828125,2432.0,2432.699951171875,566,2417.6714215959823,2400.4033365885416,1.2458288504120008
2024-08-13,2466.699951171875,2470.0,2456.5,2461.0,510,2423.528564453125,2405.039998372396,0.17462837064086134
2024-08-14,2439.39990234375,2472.10009765625,2439.39990234375,2468.0,274,2428.9142717633927,2408.9199951171877,-1.1067438021862053
2024-08-15,2453.10009765625,2467.699951171875,2431.199951171875,2451.800048828125,285,2438.05712890625,2412.029996744792,0.5616215405820579
2024-08-16,2498.60009765625,2508.0,2451.39990234375,2453.5,197,2453.5,2415.7,1.8547958986048663
2024-08-19,2501.800048828125,2508.5,2487.199951171875,2508.5,88,2464.8714425223216,2420.586669921875,0.1280697609383985
2024-08-20,2511.300048828125,2527.300048828125,2500.699951171875,2503.5,187,2476.185721261161,2425.626668294271,0.3797265894390778
2024-08-21,2508.39990234375,2515.39990234375,2503.89990234375,2511.0,96,2482.757149832589,2430.1666666666665,-0.11548387002693339
2024-08-22,2478.89990234375,2504.10009765625,2471.10009765625,2504.10009765625,210,2484.5,2432.296663411458,-1.1760485229024398
2024-08-23,2508.39990234375,2508.39990234375,2486.5,2486.5,94,2494.3571428571427,2435.443326822917,1.1900440179980043
2024-08-26,2517.699951171875,2523.10009765625,2509.10009765625,2509.89990234375,290,2503.585693359375,2438.6033284505206,0.3707562266860087
2024-08-27,2516.0,2523.10009765625,2506.89990234375,2515.199951171875,100,2506.0713936941966,2440.389998372396,-0.06752000654739465
2024-08-28,2501.0,2501.0,2501.0,2501.0,2353,2505.957101004464,2441.929996744792,-0.59618441971383
2024-08-29,2525.699951171875,2525.699951171875,2503.89990234375,2504.10009765625,3966,2508.014229910714,2444.3933268229166,0.9876030056727325
2024-08-30,2493.800048828125,2525.39990234375,2493.800048828125,2519.5,208,2505.928536551339,2447.6699951171877,-1.2630123514453473
2024-09-03,2489.89990234375,2501.800048828125,2476.300048828125,2501.60009765625,206,2507.4999651227677,2450.9333251953126,-0.15639371272799796
2024-09-04,2493.39990234375,2493.39990234375,2483.5,2490.89990234375,470,2505.357107979911,2453.893318684896,0.14056789980614326
2024-09-05,2511.39990234375,2513.300048828125,2493.39990234375,2493.699951171875,54,2504.457101004464,2457.1633138020834,0.7219058596689809
2024-09-06,2493.5,2517.89990234375,2483.699951171875,2510.300048828125,96,2501.2428152901784,2461.8833170572916,-0.7127459998324093
2024-09-09,2501.800048828125,2504.699951171875,2491.300048828125,2491.300048828125,96,2501.357107979911,2465.943318684896,0.3328674083868055
2024-09-10,2512.300048828125,2512.300048828125,2512.300048828125,2512.300048828125,5,2499.4428362165177,2470.443318684896,0.4196978093800263
2024-09-11,2512.10009765625,2525.800048828125,2502.300048828125,2525.800048828125,90,2502.05712890625,2474.013321940104,-0.00795888898574848
2024-09-12,2551.199951171875,2557.0,2523.39990234375,2529.10009765625,132,2510.814278738839,2478.169986979167,1.5564608095077315
2024-09-13,2581.300048828125,2581.800048828125,2565.0,2568.800048828125,31,2523.3714425223216,2483.0466552734374,1.1798407899162866
2024-09-16,2580.39990234375,2580.39990234375,2580.39990234375,2580.39990234375,28,2533.228585379464,2488.2033203125,-0.03487182688365342
2024-09-17,2564.300048828125,2581.800048828125,2564.300048828125,2581.199951171875,22,2543.3428780691966,2493.623323567708,-0.6239286205599992
2024-09-18,2570.699951171875,2570.699951171875,2549.199951171875,2570.699951171875,25,2553.185721261161,2499.676652018229,0.24957696922693895
2024-09-19,2588.0,2588.0,2566.0,2566.0,99,2564.0,2506.2599853515626,0.6729703643647111
2024-09-20,2619.89990234375,2621.800048828125,2590.39990234375,2590.39990234375,17,2579.399972098214,2512.8499837239583,1.2326082822160078
2024-09-23,2626.5,2626.5,2626.5,2626.5,9,2590.1571219308034,2519.32998046875,0.2519217490082548
2024-09-24,2651.199951171875,2662.300048828125,2625.5,2636.800048828125,35,2600.142822265625,2525.6233154296874,0.9404131418951023
2024-09-25,2659.199951171875,2664.199951171875,2649.300048828125,2656.300048828125,175,2611.399972098214,2532.0399820963544,0.3017501564325231
2024-09-26,2669.89990234375,2669.89990234375,2660.800048828125,2662.300048828125,17216,2626.485665457589,2539.7233154296873,0.4023748258253246
2024-09-27,2644.300048828125,2672.10009765625,2641.699951171875,2670.0,4228,2636.9999651227677,2546.096647135417,-0.9588319582000904
2024-09-30,2636.10009765625,2662.10009765625,2623.199951171875,2660.89990234375,973,2643.871407645089,2550.67998046875,-0.31009911963315595
2024-10-01,2667.300048828125,2670.89990234375,2631.39990234375,2631.39990234375,153,2650.6428571428573,2556.1966471354167,1.1835647363927837
2024-10-02,2647.10009765625,2657.199951171875,2640.0,2650.60009765625,72,2653.5857282366073,2560.7233154296873,-0.7573182919840549
2024-10-03,2657.10009765625,2657.10009765625,2640.0,2642.800048828125,354,2654.4286063058034,2565.6799886067706,0.3777718873892999
2024-10-04,2645.800048828125,2667.0,2639.0,2656.0,114,2652.514334542411,2571.2433268229165,-0.4252774985064489
2024-10-07,2644.800048828125,2657.39990234375,2639.0,2648.699951171875,284,2648.928641183036,2575.789998372396,-0.037795751059988
2024-10-08,2615.0,2639.0,2609.300048828125,2639.0,687,2644.742919921875,2579.0333333333333,-1.1267410873396222
2024-10-09,2606.0,2607.699951171875,2603.0,2603.0,152,2640.4429059709823,2582.0333333333333,-0.34416826003823564
2024-10-10,2620.60009765625,2628.300048828125,2602.5,2602.5,320,2633.771484375,2586.0200032552084,0.5602493344685433
2024-10-11,2657.60009765625,2658.10009765625,2638.199951171875,2638.300048828125,12,2635.271484375,2590.4166748046873,1.4118903541632033
2024-10-14,2647.800048828125,2655.300048828125,2647.800048828125,2655.0,40,2633.9429059709823,2595.550008138021,-0.3687555865447112
2024-10-15,2661.39990234375,2661.39990234375,2661.39990234375,2661.39990234375,39,2636.171456473214,2601.2666748046877,0.5136284184919404
2024-10-16,2674.0,2674.0,2674.0,2674.0,6,2640.3428780691966,2607.2866780598956,0.4734387209210489
2024-10-17,2691.0,2691.699951171875,2677.199951171875,2677.39990234375,30,2651.200020926339,2613.2733479817707,0.6357516828721099
2024-10-18,2713.699951171875,2719.60009765625,2713.699951171875,2713.699951171875,29,2666.5857282366073,2620.613346354167,0.843550768185608
2024-10-21,2723.10009765625,2738.39990234375,2719.5,2721.89990234375,52,2681.228585379464,2627.9900146484374,0.3463959410956896
2024-10-22,2744.199951171875,2746.0,2728.60009765625,2731.699951171875,93,2693.5999930245534,2635.720011393229,0.7748467834063577
2024-10-23,2714.39990234375,2742.5,2714.199951171875,2742.5,18,2703.1142578125,2642.463338216146,-1.0859284803718228
2024-10-24,2734.89990234375,2736.10009765625,2729.0,2729.0,27,2713.6142578125,2648.586669921875,0.7552313858506743
2024-10-25,2740.89990234375,2742.39990234375,2725.5,2725.5,29,2723.17138671875,2653.9066650390623,0.21938645706405246
2024-10-28,2742.89990234375,2742.89990234375,2729.5,2736.10009765625,56,2730.5856584821427,2659.3233317057293,0.07296873549778038
2024-10-29,2768.39990234375,2768.39990234375,2768.39990234375,2768.39990234375,848,2738.3999372209823,2666.12666015625,0.9296730069591863
2024-10-30,2788.5,2789.0,2774.60009765625,2774.60009765625,231,2747.7427804129466,2673.3866617838544,0.7260547018237196
2024-10-31,2738.300048828125,2787.5,2733.5,2787.39990234375,849,2746.8999372209823,2678.396663411458,-1.8002492799668257
2024-11-01,2738.60009765625,2756.0,2734.199951171875,2745.5,109,2750.357107979911,2682.353336588542,0.01095748540242969
2024-11-04,2736.10009765625,2737.10009765625,2736.10009765625,2736.5,16,2750.528564453125,2686.0066731770835,-0.0912875159151394
2024-11-05,2740.300048828125,2743.89990234375,2740.300048828125,2743.0,23,2750.44287109375,2688.9766764322917,0.15350137136695974
2024-11-06,2667.60009765625,2734.5,2659.39990234375,2734.5,427,2739.6857561383927,2689.2566813151043,-2.6529923685898793
2024-11-07,2698.39990234375,2699.10009765625,2662.5,2662.5,676,2729.6857561383927,2690.206681315104,1.154588527514333
2024-11-08,2687.5,2694.60009765625,2682.89990234375,2688.5,1038,2715.2571847098216,2691.6466796875,-0.4039394729551615
2024-11-11,2611.199951171875,2671.699951171875,2611.199951171875,2671.699951171875,20,2697.100027901786,2690.8166748046874,-2.8390715843023218
2024-11-12,2600.0,2605.5,2592.800048828125,2605.5,118,2677.3000139508927,2688.57333984375,-0.4289197066983941
2024-11-13,2580.800048828125,2611.800048828125,2580.800048828125,2611.10009765625,53,2655.1142926897323,2686.3633382161456,-0.7384596604567362
2024-11-14,2568.199951171875,2576.199951171875,2554.199951171875,2555.10009765625,27,2630.528564453125,2683.4,-0.488224481473154
2024-11-15,2565.699951171875,2565.699951171875,2565.699951171875,2565.699951171875,20,2615.9714006696427,2680.7299967447916,-0.09734444542992549
2024-11-18,2610.60009765625,2610.699951171875,2589.39990234375,2591.699951171875,136,2603.4285714285716,2679.5899983723957,1.7500154865679907
2024-11-19,2627.10009765625,2627.699951171875,2619.300048828125,2621.89990234375,87,2594.8000139508927,2679.9933349609373,0.6320385881703361
2024-11-20,2648.199951171875,2648.199951171875,2638.5,2638.5,27,2600.0857282366073,2681.4,0.8031613844653007
2024-11-21,2672.10009765625,2672.10009765625,2655.699951171875,2659.300048828125,33,2610.3857421875,2683.116666666667,0.9025053593026078
2024-11-22,2709.89990234375,2710.5,2685.60009765625,2687.5,41,2628.8285784040177,2684.8599934895833,1.414610355377599
2024-11-25,2616.800048828125,2689.39990234375,2616.800048828125,2689.39990234375,94,2635.7714494977677,2683.82666015625,-3.4355458456271526
2024-11-26,2620.300048828125,2625.60009765625,2620.300048828125,2625.60009765625,177858,2643.571463448661,2682.4566650390625,0.13375114394267307
2024-11-27,2639.89990234375,2657.89990234375,2627.199951171875,2633.5,61653,2647.757149832589,2681.3199951171873,0.7480003492115639
2024-11-29,2657.0,2664.300048828125,2620.699951171875,2636.39990234375,3861,2652.028564453125,2680.186661783854,0.647755531983174
2024-12-02,2634.89990234375,2649.800048828125,2621.699951171875,2649.0,695,2650.1285574776784,2677.559993489583,-0.8317688240967236
2024-12-03,2644.699951171875,2654.699951171875,2636.0,2639.0,1062,2646.2142508370534,2674.9466552734375,0.3719324904679633
2024-12-04,2653.800048828125,2658.300048828125,2637.0,2639.199951171875,249,2638.1999860491073,2671.9333251953126,0.34408809408483787
2024-12-05,2626.60009765625,2655.0,2625.699951171875,2652.39990234375,573,2639.5999930245534,2669.0066650390627,-1.0249435025779796
2024-12-06,2638.60009765625,2643.10009765625,2617.5,2620.199951171875,571,2642.214285714286,2665.796671549479,0.45686437043490624
2024-12-09,2664.89990234375,2677.10009765625,2630.800048828125,2632.10009765625,935,2645.785714285714,2663.2633382161457,0.9967332568076914
2024-12-10,2697.60009765625,2698.199951171875,2661.0,2662.300048828125,437,2651.5857282366073,2661.7533447265623,1.2270703032313035
2024-12-11,2733.800048828125,2733.800048828125,2693.10009765625,2701.800048828125,3387,2665.7143205915177,2660.6000162760415,1.3419317119437668
2024-12-12,2687.5,2725.10009765625,2677.39990234375,2725.10009765625,2365,2671.82861328125,2657.233349609375,-1.6936150413770057
2024-12-13,2656.0,2689.300048828125,2647.89990234375,2688.199951171875,1125,2672.142892020089,2654.4900146484374,-1.1720930232558158
2024-12-16,2651.39990234375,2663.300048828125,2651.0,2658.300048828125,877,2675.685721261161,2651.5833414713543,-0.17319644790098065
2024-12-17,2644.39990234375,2652.300048828125,2632.5,2651.800048828125,705,2676.5142647879466,2648.5266682942706,-0.2640114753648559
2024-12-18,2636.5,2647.10009765625,2590.199951171875,2644.300048828125,566,2672.4571358816966,2645.0666666666666,-0.29874083480143643
2024-12-19,2592.199951171875,2610.300048828125,2582.10009765625,2582.10009765625,238,2657.399972098214,2642.553328450521,-1.6802597696994104
2024-12-20,2628.699951171875,2631.60009765625,2604.89990234375,2605.300048828125,592,2642.385672433036,2640.2299967447916,1.408070391464178
2024-12-23,2612.300048828125,2627.699951171875,2611.10009765625,2620.0,451,2631.642822265625,2637.7233317057294,-0.6238788240719106
2024-12-24,2620.0,2620.0,2609.5,2613.0,35,2626.4999651227677,2638.016666666667,0.2947575327470142
2024-12-26,2638.800048828125,2638.800048828125,2627.89990234375,2628.5,84,2624.6999860491073,2639.3100016276044,0.7175591155772931
2024-12-27,2617.199951171875,2617.699951171875,2616.39990234375,2617.699951171875,642,2620.814278738839,2640.523331705729,-0.8185575737669981
2024-12-30,2606.10009765625,2626.89990234375,2597.0,2620.699951171875,794,2616.471435546875,2641.786669921875,-0.42411178827413964
2024-12-31,2629.199951171875,2629.199951171875,2604.89990234375,2608.39990234375,401,2621.757149832589,2643.9033365885416,0.8863762959987476
2025-01-02,2658.89990234375,2663.10009765625,2633.0,2633.0,1728,2626.0714285714284,2645.513330078125,1.1296193413755873
2025-01-03,2645.0,2658.699951171875,2641.800048828125,2658.699951171875,591,2630.742850167411,2646.1099934895833,-0.5227689215189235
2025-01-06,2638.39990234375,2647.0,2617.300048828125,2645.5,960,2633.371407645089,2645.7833251953125,-0.2495311023156921
2025-01-07,2656.699951171875,2657.5,2653.0,2653.39990234375,643,2635.928536551339,2645.269986979167,0.6936040594857751
2025-01-08,2664.5,2676.89990234375,2653.5,2655.5,999,2642.6856863839284,2643.756656901042,0.2935991633034929
2025-01-09,2683.800048828125,2686.300048828125,2667.89990234375,2669.699951171875,1139,2653.7856794084823,2645.989990234375,0.7243403575952323
2025-01-10,2708.5,2720.10009765625,2683.699951171875,2686.10009765625,403,2665.1142578125,2648.9299886067706,0.9203349997202626
2025-01-13,2673.5,2711.199951171875,2673.5,2711.10009765625,765,2667.1999860491073,2650.0499918619794,-1.2922281705741168
2025-01-14,2677.5,2688.300048828125,2670.800048828125,2673.60009765625,794,2671.842843191964,2650.7333251953123,0.14961660744343686
2025-01-15,2712.5,2712.5,2690.800048828125,2690.800048828125,930,2682.4285714285716,2653.3199951171873,1.3071895424836555
2025-01-16,2746.39990234375,2749.800048828125,2731.699951171875,2731.699951171875,1721,2695.242850167411,2656.709993489583,1.2497659850230436
2025-01-17,2744.300048828125,2751.60009765625,2725.5,2736.0,1214,2706.6428571428573,2659.72666015625,-0.07645840337501264
2025-01-21,2755.0,2755.0,2724.800048828125,2746.0,1439,2716.814278738839,2664.006656901042,0.38989727732010593
2025-01-22,2767.60009765625,2768.800048828125,2753.5,2754.5,2079,2725.257149832589,2668.3066569010416,0.45735381692377786
2025-01-23,2763.10009765625,2765.0,2745.39990234375,2760.0,2201,2738.0571637834823,2671.5799967447915,-0.16259574509376318
2025-01-24,2777.300048828125,2792.0,2759.800048828125,2759.800048828125,1593,2752.3143136160716,2674.2366617838543,0.5139137443453512
2025-01-27,2737.5,2762.199951171875,2737.5,2761.10009765625,984,2755.8857421875,2674.3599934895833,-1.4330482169155112
2025-01-28,2766.800048828125,2766.800048828125,2738.0,2738.0,2307,2758.800048828125,2677.0033284505207,1.0703214183789944
2025-01-29,2769.10009765625,2769.10009765625,2769.10009765625,2769.10009765625,125692,2762.3429129464284,2680.773331705729,0.08313028724642457
2025-01-30,2823.0,2829.5,2770.0,2772.5,40141,2772.057198660714,2686.4933349609373,1.9464772107505413
2025-01-31,2812.5,2838.0,2804.0,2829.0,3443,2778.4714704241073,2692.096671549479,-0.37194473963868546
2025-02-03,2833.89990234375,2848.39990234375,2780.89990234375,2818.199951171875,2649,2788.5857282366073,2698.6766682942707,0.7608854166666568
2025-02-04,2853.300048828125,2853.300048828125,2816.10009765625,2827.60009765625,2187,2799.44287109375,2707.3800048828125,0.6845741611526401
2025-02-05,2871.60009765625,2880.5,2848.0,2850.0,4519,2818.600027901786,2715.4766764322917,0.6413643330515084
2025-02-06,2856.0,2871.699951171875,2836.300048828125,2865.199951171875,3116,2831.3428780691966,2723.6000081380207,-0.5432545314712378
2025-02-07,2867.300048828125,2889.5,2857.800048828125,2859.89990234375,1822,2845.3714425223216,2731.8433430989585,0.39565997297357214
2025-02-10,2914.300048828125,2916.10009765625,2863.800048828125,2864.199951171875,2237,2858.414306640625,2741.026676432292,1.6391727129920985
2025-02-11,2912.5,2945.39990234375,2890.0,2925.5,2554,2872.700020926339,2750.870011393229,-0.06176607754746488
2025-02-12,2909.0,2912.300048828125,2868.60009765625,2902.0,2504,2883.4286063058034,2760.9666748046875,-0.1201716738197467
2025-02-13,2925.89990234375,2937.699951171875,2910.60009765625,2911.300048828125,4670,2893.8000139508927,2770.8566731770834,0.5809522978257098
2025-02-14,2883.60009765625,2944.39990234375,2874.800048828125,2937.300048828125,1992,2895.5142996651784,2778.3466796875,-1.445702385567471
2025-02-18,2931.60009765625,2936.39990234375,2873.800048828125,2879.199951171875,4010,2906.3143136160716,2787.9000162760417,1.664585877875835
2025-02-19,2919.39990234375,2946.0,2917.10009765625,2938.699951171875,2630,2913.757149832589,2797.2666829427085,-0.41616164913672593
2025-02-20,2940.0,2955.800048828125,2924.199951171875,2949.10009765625,656,2917.4285714285716,2806.7100179036456,0.7056278120620485
2025-02-21,2937.60009765625,2940.0,2917.300048828125,2938.800048828125,570,2921.0142996651784,2815.8133544921875,-0.08162933142006334
2025-02-24,2947.89990234375,2957.89990234375,2933.10009765625,2933.10009765625,415,2926.5714285714284,2824.6166829427084,0.3506197012900891
2025-02-25,2904.5,2943.199951171875,2890.0,2938.699951171875,1854,2923.5142996651784,2831.1500162760417,-1.4722312080286182
2025-02-26,2916.800048828125,2917.0,2913.0,2913.5,2050,2928.257149832589,2839.260017903646,0.4234824867662246
2025-02-27,2883.199951171875,2922.800048828125,2870.39990234375,2918.5,3215,2921.342843191964,2846.1166829427084,-1.1519506683274172
2025-02-28,2836.800048828125,2877.10009765625,2834.10009765625,2877.10009765625,990,2909.5428641183034,2850.260017903646,-1.6093196146486743
2025-03-03,2890.199951171875,2891.800048828125,2863.39990234375,2872.699951171875,423,2902.4285714285716,2855.0533528645833,1.8823992323959926
2025-03-04,2909.60009765625,2927.89990234375,2886.10009765625,2886.10009765625,885,2898.4285714285716,2860.5633544921875,0.6712389043017186
2025-03-05,2915.300048828125,2922.0,2893.0,2916.699951171875,551,2893.7714494977677,2865.906689453125,0.19590153218878026
2025-03-06,2916.60009765625,2918.60009765625,2903.800048828125,2904.0,870,2895.5000348772323,2870.873356119792,0.04459399740508463
2025-03-07,2904.699951171875,2927.300048828125,2900.5,2900.89990234375,531,2893.7714494977677,2875.5933512369793,-0.40801433470216697
2025-03-10,2891.0,2915.10009765625,2880.199951171875,2910.10009765625,55,2894.8857421875,2879.383349609375,-0.47164772273114997
2025-03-11,2912.89990234375,2916.699951171875,2880.39990234375,2884.39990234375,197,2905.757149832589,2885.230013020833,0.7575199703822255
2025-03-12,2939.10009765625,2939.10009765625,2910.0,2912.0,213,2912.7428850446427,2890.973347981771,0.8994540214519287
2025-03-13,2984.300048828125,2988.0,2935.199951171875,2937.10009765625,2366,2923.414306640625,2898.1466796875,1.5378840349098422
2025-03-14,2994.5,3004.800048828125,2986.0,2994.39990234375,1800,2934.728585379464,2903.863346354167,0.3417870524071498
2025-03-17,3000.0,3001.5,2989.0,2991.0,214,2946.6428571428573,2910.113346354167,0.18367006177992806
2025-03-18,3035.10009765625,3039.199951171875,3004.39990234375,3006.39990234375,428,2965.2714494977677,2916.82001953125,1.1700032552083295
2025-03-19,3035.89990234375,3050.89990234375,3030.89990234375,3035.199951171875,175,2985.971435546875,2922.9066813151044,0.026351838877336498
2025-03-20,3040.0,3047.300048828125,3034.39990234375,3047.300048828125,185,3004.128592354911,2928.520011393229,0.13505378267197887
2025-03-21,3018.199951171875,3037.5,3000.89990234375,3034.5,151,3015.4285714285716,2933.9266764322915,-0.7171068693462179
2025-03-24,3013.10009765625,3024.300048828125,3006.0,3024.300048828125,137,3019.5428641183034,2938.7866780598956,-0.16897003505831343
2025-03-25,3023.699951171875,3028.800048828125,3023.699951171875,3026.39990234375,74,3023.714285714286,2942.433341471354,0.3517922794489925
2025-03-26,3020.89990234375,3033.199951171875,3019.5,3033.199951171875,83,3026.6999860491073,2946.046671549479,-0.0926033956193284
2025-03-27,3060.199951171875,3065.0,3025.5,3025.5,124359,3030.2856794084823,2951.086669921875,1.3009384653107636
2025-03-28,3086.5,3094.89990234375,3066.800048828125,3069.699951171875,31206,3037.5142647879466,2956.440006510417,0.8594225621777918
2025-03-31,3122.800048828125,3132.5,3086.0,3091.0,3438,3049.342843191964,2964.413338216146,1.1760910036651584
2025-04-01,3118.89990234375,3149.5,3104.0,3129.699951171875,1721,3063.7285505022323,2970.6566650390623,-0.12489260994595908
2025-04-02,3139.89990234375,3168.60009765625,3117.39990234375,3120.699951171875,5946,3081.8428083147323,2978.0066650390627,0.6733143306144385
2025-04-03,3097.0,3166.89990234375,3052.0,3150.0,5516,3092.3142438616073,2983.239998372396,-1.3662824828182485
2025-04-04,3012.0,3127.699951171875,3011.0,3110.5,3247,3091.0428292410716,2985.7199951171874,-2.744591540200192
2025-04-07,2951.300048828125,3050.800048828125,2949.699951171875,3016.39990234375,4424,3075.4857003348216,2985.8333333333335,-2.0152706232362205
2025-04-08,2968.39990234375,3014.5,2968.39990234375,2994.0,3213,3058.6142578125,2987.963330078125,0.579400712659317
2025-04-09,3056.5,3090.39990234375,2965.800048828125,2965.800048828125,2175,3049.142822265625,2992.6199951171875,2.9679322380616213
2025-04-10,3155.199951171875,3167.0,3072.10009765625,3073.89990234375,3456,3054.328543526786,3001.686661783854,3.22918210933667
2025-04-11,3222.199951171875,3235.0,3182.10009765625,3182.10009765625,862,3066.085693359375,3014.5333251953125,2.123478734687345
2025-04-14,3204.800048828125,3228.800048828125,3194.5,3215.5,263,3081.4857003348216,3025.0199951171876,-0.5400007016144959
2025-04-15,3218.699951171875,3218.699951171875,3214.0,3216.0,390,3111.0142647879466,3035.3233235677085,0.4337213595847489
2025-04-16,3326.60009765625,3334.89990234375,3238.300048828125,3238.300048828125,1874,3164.6285574776784,3049.0333251953125,3.352289685936416
2025-04-17,3308.699951171875,3345.0,3287.800048828125,3345.0,824,3213.242850167411,3062.1033203125,-0.5380913232397977
2025-04-21,3406.199951171875,3418.5,3342.199951171875,3342.199951171875,78,3263.1999860491073,3078.8199869791665,2.9467767231497577
2025-04-22,3400.800048828125,3485.60009765625,3361.699951171875,3422.199951171875,785,3298.285714285714,3095.8133219401043,-0.15853157246075167
2025-04-23,3276.300048828125,3370.300048828125,3256.199951171875,3321.199951171875,331,3306.0142996651784,3107.92666015625,-3.660903264303972
2025-04-24,3332.0,3353.89990234375,3304.89990234375,3305.39990234375,560,3324.185721261161,3121.0233235677083,1.7000869988021305
2025-04-25,3282.39990234375,3355.5,3266.10009765625,3355.5,162,3333.285714285714,3130.9599853515624,-1.4885983690351101
2025-04-28,3332.5,3332.5,3284.5,3284.5,1300,3334.1285574776784,3142.2266520182293,1.5263252238240987
2025-04-29,3318.800048828125,3340.0,3299.89990234375,3340.0,1278,3335.5714285714284,3152.8533203125,-0.41110131048387455
2025-04-30,3305.0,3318.699951171875,3268.0,3318.699951171875,207,3321.1142926897323,3161.8499837239583,-0.4158144095784855
2025-05-01,3210.0,3275.0,3198.60009765625,3272.89990234375,2131,3293.8571428571427,3167.6533203125,-2.874432677760963
2025-05-02,3231.89990234375,3257.0,3225.0,3239.89990234375,1349,3287.5142647879466,3174.049983723958,0.6822399484034181
2025-05-05,3311.300048828125,3315.699951171875,3239.699951171875,3242.699951171875,244,3284.55712890625,3183.8199869791665,2.456763788593652
2025-05-06,3411.39990234375,3430.89990234375,3356.800048828125,3365.5,2357,3302.9857003348216,3197.096647135417,3.022977442079
2025-05-07,3381.39990234375,3418.699951171875,3364.699951171875,3418.699951171875,1080,3309.9714006696427,3209.019978841146,-0.8794043752944014
2025-05-08,3296.60009765625,3390.0,3288.699951171875,3390.0,200,3306.799979073661,3218.2099853515624,-2.507831286938955
2025-05-09,3335.39990234375,3335.5,3299.0,3299.0,216,3311.142822265625,3227.3833170572916,1.1769642522029056
2025-05-12,3220.0,3300.699951171875,3205.0,3300.699951171875,886,3312.5713936941966,3231.833317057292,-3.4598520633960517
2025-05-13,3240.300048828125,3251.39990234375,3223.5,3232.0,2424,3313.771414620536,3235.7499837239584,0.6304362990100953
2025-05-14,3181.39990234375,3233.0,3171.699951171875,3233.0,3518,3295.2142508370534,3237.833317057292,-1.817737419276233
2025-05-15,3220.699951171875,3228.10009765625,3125.0,3151.0,652,3267.9714006696427,3240.526652018229,1.2353067842610033
2025-05-16,3182.0,3228.10009765625,3173.89990234375,3227.699951171875,199,3239.4857003348216,3243.3599853515625,-1.201600638326883
2025-05-19,3228.89990234375,3241.0,3228.300048828125,3234.39990234375,266,3229.8142438616073,3250.589982096354,1.473912707220304
2025-05-20,3280.300048828125,3293.199951171875,3207.5,3219.0,356,3221.9428362165177,3261.556648763021,1.5918779782261305
2025-05-21,3309.300048828125,3317.5,3290.199951171875,3293.39990234375,979,3234.6999860491073,3272.919986979167,0.8840654686561367
2025-05-22,3292.300048828125,3328.0,3282.699951171875,3327.300048828125,1210,3242.1285574776784,3280.779988606771,-0.5137037968503289
2025-05-23,3363.60009765625,3363.60009765625,3323.5,3328.0,47,3268.157156808036,3287.72666015625,2.1656607165408293
2025-05-27,3299.10009765625,3341.0,3296.300048828125,3332.5,189,3279.357177734375,3290.289998372396,-1.91758824257805
2025-05-28,3293.60009765625,3293.60009765625,3293.60009765625,3293.60009765625,127758,3295.300048828125,3293.25,-0.16671212867737095
2025-05-29,3317.10009765625,3328.800048828125,3242.39990234375,3283.699951171875,24370,3307.900076729911,3296.5300048828126,0.7135049581982633
2025-05-30,3288.89990234375,3318.0,3270.89990234375,3315.10009765625,2213,3309.1286272321427,3295.273331705729,-0.8501460457109866
2025-06-02,3370.60009765625,3380.800048828125,3296.89990234375,3296.89990234375,976,3317.8857770647323,3297.336669921875,2.4841192416430236
2025-06-03,3350.199951171875,3390.0,3331.300048828125,3385.10009765625,6410,3326.1571916852677,3295.470003255208,-0.6052378179944973
2025-06-04,3373.5,3380.0,3344.0,3355.0,207,3327.571463448661,3294.5600016276044,0.6954823344193173
2025-06-05,3350.699951171875,3400.0,3343.699951171875,3371.5,731,3334.94287109375,3297.039998372396,-0.67585738337409
2025-06-06,3322.699951171875,3364.300048828125,3306.0,3364.300048828125,81,3339.0999930245534,3296.7299967447916,-0.8356462950437349
2025-06-09,3332.10009765625,3334.60009765625,3290.0,3315.60009765625,1887,3341.242850167411,3298.386669921875,0.2829068715957783
2025-06-10,3320.89990234375,3344.300048828125,3302.0,3302.0,65,3345.814278738839,3298.0,-0.3361302177079861
2025-06-11,3321.300048828125,3356.0,3321.300048828125,3328.0,2106,3338.771414620536,3298.0833333333335,0.01204933891842952
2025-06-12,3380.89990234375,3395.89990234375,3353.39990234375,3363.0,1818,3343.1571219308034,3300.613330078125,1.7944736289831509
2025-06-13,3431.199951171875,3444.0,3407.300048828125,3407.300048828125,499,3351.399972098214,3307.9866617838543,1.4877710160320134
2025-06-16,3396.39990234375,3442.0,3385.39990234375,3442.0,480,3357.928536551339,3313.4699951171874,-1.0142238669664128
2025-06-17,3386.60009765625,3398.300048828125,3376.10009765625,3398.300048828125,1477,3367.05712890625,3315.9799967447916,-0.2885350656363417
2025-06-18,3389.800048828125,3391.89990234375,3365.10009765625,3385.300048828125,0,3375.299979073661,3315.260001627604,0.09448860448830754
2025-06-20,3368.10009765625,3372.89990234375,3341.0,3350.0,709,3382.0428641183034,3314.8166748046874,-0.6401543117381503
2025-06-23,3377.699951171875,3387.89990234375,3350.0,3365.89990234375,30,3390.0999930245534,3317.5200032552084,0.285022809218316
2025-06-24,3317.39990234375,3358.0,3301.0,3358.0,538,3381.028564453125,3316.9200032552085,-1.7852399472962133
2025-06-25,3327.10009765625,3331.199951171875,3310.60009765625,3321.60009765625,373,3366.157156808036,3320.4900065104166,0.29240355694371
2025-06-26,3333.5,3333.5,3332.39990234375,3332.39990234375,2058,3357.171456473214,3323.596671549479,0.19235677184039623
2025-06-27,3273.699951171875,3318.699951171875,3253.800048828125,3318.699951171875,284,3341.0428641183034,3326.67333984375,-1.7939117692552853
2025-06-30,3294.39990234375,3306.89990234375,3262.0,3265.89990234375,1242,3327.4142717633927,3329.1300048828125,0.6323105807074736
2025-07-01,3336.699951171875,3354.10009765625,3310.10009765625,3310.10009765625,371,3322.928536551339,3334.286669921875,1.2839986061810915
2025-07-02,3348.0,3357.5,3329.0,3329.0,39,3318.6856863839284,3338.2566731770835,0.338659423786547
2025-07-03,3331.60009765625,3362.0,3322.300048828125,3362.0,0,3320.714285714286,3339.9666748046875,-0.48984176653972256
2025-07-04,3332.5,3342.0,3332.5,3342.0,0,3321.4857003348216,3340.7400065104166,0.027011115301123212
2025-07-07,3332.199951171875,3333.300048828125,3299.199951171875,3305.5,254,3321.299979073661,3342.070003255208,-0.009003715772692988
2025-07-08,3307.0,3334.5,3287.60009765625,3330.39990234375,909,3326.05712890625,3340.1833333333334,-0.7562556731630865
2025-07-09,3311.60009765625,3314.0,3282.0,3289.39990234375,114,3328.5142996651784,3340.6,0.13910183417751298
2025-07-10,3317.39990234375,3330.5,3311.60009765625,3323.60009765625,209,3325.757149832589,3341.3933268229166,0.17513602235985637
2025-07-11,3356.0,3370.0,3330.5,3330.5,776,3326.9000069754466,3342.689990234375,1.1635648035372315
2025-07-14,3351.5,3375.5,3350.0,3367.0,583,3329.742850167411,3344.77666015625,-0.1340882002383803
2025-07-15,3329.800048828125,3341.0,3329.800048828125,3341.0,210,3329.3571428571427,3343.4166585286457,-0.6474698246121124
2025-07-16,3352.5,3352.89990234375,3329.5,3341.199951171875,10,3332.257149832589,3343.4933268229165,0.6817211495886655
2025-07-17,3340.10009765625,3340.800048828125,3313.800048828125,3313.800048828125,667,3336.9857352120534,3342.3799967447917,-0.3698703159955241
2025-07-18,3353.0,3353.0,3338.199951171875,3338.199951171875,602,3342.9000069754466,3342.4566650390625,0.3862130465132507
2025-07-21,3401.89990234375,3411.699951171875,3350.300048828125,3350.300048828125,53,3354.971435546875,3345.0966634114584,1.4583925542424714
2025-07-22,3439.199951171875,3441.0,3395.60009765625,3411.0,39,3366.8571428571427,3348.6666585286457,1.0964475704422494
2025-07-23,3394.10009765625,3433.89990234375,3388.10009765625,3430.300048828125,63,3372.94287109375,3351.1066650390626,-1.3113472364483347
2025-07-24,3371.0,3371.0,3367.0,3367.0,1175,3378.8285784040177,3352.763330078125,-0.6805956510299027
2025-07-25,3334.0,3345.0,3326.5,3344.0,67,3376.185721261161,3351.2,-1.097597152180363
2025-07-28,3309.10009765625,3326.800048828125,3309.10009765625,3326.60009765625,533,3371.757149832589,3347.1300048828125,-0.7468477007723462
2025-07-29,3323.39990234375,3323.39990234375,3323.39990234375,3323.39990234375,113144,3367.528564453125,3344.696671549479,0.432135754902907
2025-07-30,3295.800048828125,3331.800048828125,3263.89990234375,3325.800048828125,19252,3352.3714425223216,3341.6700032552085,-0.8304704316853595
2025-07-31,3293.199951171875,3312.0,3272.89990234375,3272.89990234375,3704,3331.5142996651784,3338.45,-0.0788912439386169
2025-08-01,3347.699951171875,3360.60009765625,3281.0,3286.199951171875,3420,3324.8857073102677,3337.7699951171876,1.654925325156964
2025-08-04,3374.39990234375,3386.5,3347.39990234375,3367.60009765625,351,3325.371407645089,3337.6599934895835,0.7975610586763882
2025-08-05,3381.89990234375,3387.199951171875,3351.199951171875,3378.5,915,3332.2142508370534,3339.809993489583,0.22226174185195902
2025-08-06,3380.0,3383.300048828125,3361.300048828125,3380.699951171875,1492,3342.3428083147323,3341.5733235677085,-0.05617855047789222
2025-08-07,3400.300048828125,3422.89990234375,3384.89990234375,3384.89990234375,5464,3353.328543526786,3343.7999918619794,0.6005931605954196
2025-08-08,3439.10009765625,3477.0,3402.5,3438.800048828125,7657,3373.799979073661,3349.313330078125,1.1410772070393316
2025-08-11,3353.10009765625,3383.89990234375,3349.199951171875,3383.89990234375,1488,3382.3571428571427,3351.2700032552084,-2.5006541699268636
2025-08-12,3348.89990234375,3356.199951171875,3330.10009765625,3356.199951171875,1611,3382.528564453125,3351.6766682942707,-0.12526304584333792
2025-08-13,3358.699951171875,3363.39990234375,3358.699951171875,3358.800048828125,1011,3380.285714285714,3352.0333333333333,0.2926348685807545
2025-08-14,3335.199951171875,3356.0,3328.89990234375,3346.800048828125,592,3373.6142926897323,3352.153328450521,-0.6996754798475169
2025-08-15,3336.0,3346.800048828125,3335.89990234375,3346.800048828125,1185,3367.3285784040177,3352.2699951171876,0.023988031897270723
2025-08-18,3331.699951171875,3347.800048828125,3331.699951171875,3333.5,646,3357.528564453125,3352.2533284505207,-0.12889834616681695
2025-08-19,3313.39990234375,3343.5,3313.39990234375,3330.199951171875,1655,3339.5713936941966,3352.466658528646,-0.549270615491293
2025-08-20,3343.39990234375,3343.5,3310.10009765625,3310.60009765625,1213,3338.1856515066966,3353.526652018229,0.9054144046657164
2025-08-21,3336.89990234375,3349.39990234375,3326.5,3349.39990234375,142,3336.471365792411,3354.176652018229,-0.19441287880170854
2025-08-22,3374.39990234375,3377.699951171875,3349.39990234375,3349.39990234375,1240,3338.7142159598216,3354.7899820963544,1.1237975695243652
2025-08-25,3373.800048828125,3378.0,3366.0,3366.0,1044,3344.228515625,3355.5333170572917,-0.017776598298513413
2025-08-26,3388.60009765625,3396.5,3371.10009765625,3378.89990234375,905,3351.7428152901784,3357.4933186848957,0.43867593259612203
2025-08-27,3404.60009765625,3404.60009765625,3382.0,3397.0,3222,3362.1571219308034,3359.229988606771,0.4721713846100206
2025-08-28,3431.800048828125,3434.60009765625,3400.0,3409.0,1035,3379.0714285714284,3362.286653645833,0.7989176523433672
2025-08-29,3473.699951171875,3475.60009765625,3426.60009765625,3432.5,0,3397.685721261161,3366.3099853515623,1.2209307578411543
2025-09-02,3549.39990234375,3559.199951171875,3485.699951171875,3485.699951171875,658,3428.0428641183034,3371.2266520182293,2.179231143620708
2025-09-03,3593.199951171875,3593.699951171875,3553.199951171875,3554.800048828125,72,3459.3000139508927,3376.3599853515625,1.2340127918300414
2025-09-04,3565.800048828125,3573.60009765625,3549.89990234375,3549.89990234375,237,3486.728585379464,3382.083317057292,-0.7625487786955487
2025-09-05,3613.199951171875,3613.199951171875,3567.800048828125,3567.800048828125,925,3518.814278738839,3390.1566487630207,1.329292211977151
2025-09-08,3638.10009765625,3641.0,3590.0,3594.5,97,3552.1714215959823,3400.293318684896,0.6891438841157616
2025-09-09,3643.300048828125,3670.39990234375,3627.800048828125,3647.10009765625,535,3582.3857073102677,3411.433317057292,0.14293040412012292
2025-09-10,3643.60009765625,3655.39990234375,3620.800048828125,3625.0,136,3606.657156808036,3422.106656901042,0.008235633192543723
2025-09-11,3636.89990234375,3636.89990234375,3618.39990234375,3632.89990234375,307,3619.157156808036,3433.4766520182293,-0.1838894261971813
2025-09-12,3649.39990234375,3656.800048828125,3643.0,3655.5,1300,3627.185721261161,3445.3499837239583,0.343699313581447
2025-09-15,3682.199951171875,3686.39990234375,3635.10009765625,3640.0,210,3643.814278738839,3456.4999837239584,0.8987792433232666
2025-09-16,3688.89990234375,3698.60009765625,3681.39990234375,3681.39990234375,373,3654.6285574776784,3466.9833170572915,0.18195511543968035
2025-09-17,3681.800048828125,3685.199951171875,3661.60009765625,3669.0,183,3660.871407645089,3476.979988606771,-0.19246533393638687
2025-09-18,3643.699951171875,3667.39990234375,3637.0,3654.60009765625,80,3660.928536551339,3485.769986979167,-1.0348225637178965
2025-09-19,3671.5,3685.89990234375,3658.199951171875,3659.0,211,3664.914236886161,3494.8099853515623,0.7629620770278844
2025-09-22,3740.699951171875,3748.199951171875,3688.0,3688.199951171875,410,3679.7428152901784,3504.863313802083,1.884786903768898
2025-09-23,3780.60009765625,3786.0,3740.0,3747.0,627,3698.4857003348216,3519.113313802083,1.0666492101799152
2025-09-24,3732.10009765625,3772.5,3732.10009765625,3769.800048828125,588,3705.6142926897323,3531.886653645833,-1.2828651205417652
2025-09-25,3736.89990234375,3756.0,3724.699951171875,3742.800048828125,1899,3712.471435546875,3544.4933186848957,0.12860868041868478
2025-09-26,3775.300048828125,3775.300048828125,3775.300048828125,3775.300048828125,19308,3725.8285784040177,3559.163321940104,1.0275936601965352
2025-09-29,3820.89990234375,3827.60009765625,3754.800048828125,3754.800048828125,8860,3751.1428571428573,3575.326652018229,1.2078471360118748
2025-09-30,3840.800048828125,3865.5,3793.39990234375,3827.5,1611,3775.3285784040177,3592.2966552734374,0.5208235492420998
2025-10-01,3867.5,3891.89990234375,3853.300048828125,3863.5,1778,3793.44287109375,3610.7666585286456,0.6951663932628138
2025-10-02,3839.699951171875,3888.60009765625,3823.699951171875,3856.199951171875,3418,3801.8857073102677,3627.309993489583,-0.7188118636877849
2025-10-03,3880.800048828125,3886.800048828125,3853.699951171875,3855.199951171875,392,3823.1285574776784,3645.4399983723956,1.0703986816393396
2025-10-06,3948.5,3960.0,3926.800048828125,3931.300048828125,1267,3853.3571428571427,3664.576668294271,1.744484392910639
2025-10-07,3976.60009765625,3981.5,3940.0,3959.39990234375,2903,3882.1142926897323,3684.6700032552085,0.7116651299544197
2025-10-08,4043.300048828125,4049.199951171875,3987.199951171875,3987.199951171875,2179,3913.8857421875,3706.4933349609373,1.6773110077421993
2025-10-09,3946.300048828125,4046.199951171875,3940.0,4011.199951171875,3130,3928.9571707589284,3724.55,-2.399030465921359
2025-10-10,3975.89990234375,4012.0,3945.5,3957.0,1697,3944.44287109375,3742.686661783854,0.7500659643053353
2025-10-13,4108.60009765625,4111.0,4016.0,4016.0,1697,3982.857177734375,3763.85,3.3376140891845596
2025-10-14,4138.7001953125,4160.10009765625,4085.800048828125,4131.7001953125,2424,4019.7000558035716,3783.493343098958,0.7326120075161535
2025-10-15,4176.89990234375,4210.60009765625,4145.0,4145.0,3287,4052.32861328125,3802.9500081380206,0.9229880210824382
2025-10-16,4280.2001953125,4307.0,4196.60009765625,4198.7998046875,4705,4095.7000558035716,3826.7633463541665,2.4731330743833713
2025-10-17,4189.89990234375,4358.0,4182.2001953125,4354.7001953125,4060,4116.64289202009,3845.986678059896,-2.1097212477968474
2025-10-20,4336.39990234375,4356.60009765625,4214.60009765625,4244.10009765625,1750,4172.371442522322,3869.2633382161457,3.4965035779983777
2025-10-21,4087.699951171875,4332.7001953125,4087.699951171875,4332.7001953125,2943,4188.342878069197,3884.076668294271,-5.735171035251085
2025-10-22,4044.39990234375,4148.5,4006.0,4109.7001953125,1237,4179.171421595982,3897.436661783854,-1.0592765943036375
2025-10-23,4125.5,4136.7998046875,4070.699951171875,4078.39990234375,354,4177.285679408482,3913.7233317057294,2.005244278866991
2025-10-24,4118.39990234375,4120.60009765625,4074.89990234375,4117.5,123,4168.92853655134,3929.3566650390626,-0.1721027186098678
2025-10-27,4001.89990234375,4078.60009765625,3971.300048828125,4060.0,220,4129.171351841518,3940.013330078125,-2.8287685208447266
2025-10-28,3966.199951171875,3966.199951171875,3923.60009765625,3929.699951171875,219,4097.214215959822,3949.2566650390627,-0.8920750654199727
2025-10-29,3983.699951171875,3983.699951171875,3983.699951171875,3983.699951171875,1344,4046.8285086495534,3959.3199951171873,0.44122838524138785
2025-10-30,4001.300048828125,4027.199951171875,3913.699951171875,3960.0,935,4034.485665457589,3971.239998372396,0.441802793181556
2025-10-31,3982.199951171875,4034.5,3976.60009765625,4034.5,559,4025.5999581473216,3981.5966634114584,-0.47734729770749773
2025-11-03,4000.300048828125,4020.0,3959.0,3976.199951171875,0,4007.7142508370534,3990.25,0.4545250835765735
2025-11-04,3947.699951171875,3995.39990234375,3927.39990234375,3994.199951171875,657,3983.328543526786,3995.8199951171873,-1.3149038075696118
2025-11-05,3980.300048828125,3983.5,3929.89990234375,3929.89990234375,559,3980.242850167411,4004.093326822917,0.8257997836581543
2025-11-06,3979.89990234375,4007.5,3979.89990234375,4004.0,650,3982.1999860491073,4012.193326822917,-0.010053173867952125
2025-11-07,3999.39990234375,3999.39990234375,3980.800048828125,3980.800048828125,245,3984.4428362165177,4019.663321940104,0.48996207137059766
2025-11-10,4111.7998046875,4111.7998046875,4060.0,4060.0,189,4000.228515625,4029.3599853515625,2.810419190086022
2025-11-11,4106.7998046875,4140.10009765625,4106.7998046875,4140.10009765625,569,4018.028494698661,4038.2266438802085,-0.12160125097286922
2025-11-12,4204.39990234375,4204.39990234375,4102.89990234375,4115.60009765625,396,4047.185616629464,4049.456640625,2.3765487069725033
2025-11-13,4186.89990234375,4228.7001953125,4163.7001953125,4228.7001953125,167,4081.3570382254466,4061.0299723307294,-0.4162306252134762
2025-11-14,4087.60009765625,4197.89990234375,4047.0,4197.7001953125,483,4096.685616629465,4067.923307291667,-2.371678497303309
2025-11-17,4068.300048828125,4099.5,4019.39990234375,4070.0,1552,4109.314208984375,4071.916642252604,-0.4721608857772397
2025-11-18,4061.300048828125,4063.39990234375,4035.60009765625,4037.39990234375,1375,4118.157087053572,4074.7399739583334,-0.17206203859069236
2025-11-19,4077.699951171875,4122.7001953125,4072.0,4086.10009765625,486,4113.285679408482,4075.8866373697915,0.40380917801141614
2025-11-20,4056.5,4090.39990234375,4040.199951171875,4045.0,202,4106.099993024553,4079.5599690755207,-0.5198997333235034
2025-11-21,4076.699951171875,4085.199951171875,4031.800048828125,4031.800048828125,171,4087.8571428571427,4082.919970703125,0.49796502334216175
2025-11-24,4091.89990234375,4091.89990234375,4060.5,4060.5,591,4074.285714285714,4082.3632975260416,0.3728493966671742
2025-11-25,4139.2001953125,4139.2001953125,4139.2001953125,4139.2001953125,132704,4081.657156808036,4082.3799641927085,1.155949414638835
2025-11-26,4165.2001953125,4171.0,4127.5,4128.60009765625,25088,4095.5000348772323,4081.9899739583334,0.6281406738781081
2025-11-28,4218.2998046875,4223.89990234375,4140.0,4163.39990234375,3615,4117.928571428572,4079.9266276041667,1.2748393086785548
2025-12-01,4239.2998046875,4262.10009765625,4214.89990234375,4218.5,913,4141.014264787947,4081.573291015625,0.4978309027884764
2025-12-02,4186.60009765625,4230.5,4167.0,4230.5,366,4159.599993024553,4076.5799641927083,-1.2431229084807538
2025-12-03,4199.2998046875,4234.10009765625,4195.7001953125,4215.7001953125,1897,4177.1142578125,4080.2999593098957,0.3033417745907929
2025-12-04,4211.7998046875,4211.7998046875,4175.0,4211.0,616,4194.242815290178,4085.8799560546877,0.2976686729070144
2025-12-05,4212.89990234375,4255.7001953125,4194.5,4204.10009765625,533,4204.771344866072,4088.7932861328127,0.02611941942316509
2025-12-08,4187.2001953125,4215.7998046875,4175.5,4205.5,318,4207.914202008928,4091.086629231771,-0.6100241550233032
2025-12-09,4206.7001953125,4219.7001953125,4177.7001953125,4190.7001953125,660,4206.257114955357,4097.913305664062,0.4657049840088856
2025-12-10,4196.39990234375,4234.5,4183.60009765625,4209.0,692,4200.128557477678,4105.586637369792,-0.2448544581386547
2025-12-11,4285.5,4286.89990234375,4214.2998046875,4224.0,528,4214.257114955357,4115.646638997396,2.1232508752677903
2025-12-12,4300.10009765625,4355.0,4260.0,4276.39990234375,1531,4228.657156808035,4125.606640625,0.34068597961147695
2025-12-15,4306.7001953125,4349.2001953125,4292.89990234375,4308.2998046875,854,4242.21435546875,4136.423315429687,0.1534870702160518
2025-12-16,4304.5,4321.39990234375,4270.5,4270.5,1796,4255.300083705357,4146.563313802083,-0.051087728718490766
2025-12-17,4347.5,4351.39990234375,4308.5,4308.5,2169,4278.200055803572,4159.889982096354,0.9989545824137469
2025-12-18,4339.5,4348.10009765625,4328.2001953125,4331.0,705,4297.171456473215,4171.863313802083,-0.1840138010350767
2025-12-19,4361.39990234375,4361.39990234375,4350.10009765625,4350.10009765625,1065,4320.742885044643,4184.57998046875,0.5046641858220902
2025-12-22,4444.60009765625,4447.60009765625,4371.10009765625,4371.10009765625,449,4343.471470424107,4199.419986979166,1.9076488553088078
2025-12-23,4482.7998046875,4503.7998046875,4450.39990234375,4503.2998046875,694,4369.571428571428,4211.786653645833,0.8594633081026481
2025-12-24,4480.60009765625,4503.39990234375,4468.39990234375,4500.7001953125,500,4394.414271763393,4224.246663411458,-0.0490699368048908
2025-12-26,4529.10009765625,4556.2998046875,4502.0,4512.0,263,4426.5,4235.070003255209,1.0824442919012078
2025-12-29,4325.10009765625,4379.0,4325.10009765625,4371.5,2044,4423.300013950893,4239.676676432292,-4.504206036549451
2025-12-30,4370.10009765625,4403.60009765625,4338.0,4346.39990234375,1837,4427.671456473215,4249.093343098958,1.0404383478751278
2025-12-31,4325.60009765625,4363.7998046875,4285.0,4333.5,785,4422.557198660715,4257.670011393229,-1.0182833117224455
2026-01-02,4314.39990234375,4350.60009765625,4314.39990234375,4350.60009765625,589,4403.957170758928,4266.106673177083,-0.2589281269567367
2026-01-05,4436.89990234375,4443.5,4384.7998046875,4386.7001953125,618,4397.400041852678,4278.080004882812,2.8393288237711367
2026-01-06,4482.2001953125,4482.2001953125,4449.0,4449.7001953125,459,4397.628627232143,4292.270011393229,1.0209897443217208
2026-01-07,4449.2998046875,4450.0,4449.2998046875,4450.0,972,4386.228585379465,4304.690006510416,-0.734023229471259
2026-01-08,4449.7001953125,4461.2998046875,4418.0,4460.2001953125,2423,4404.028599330357,4316.616682942708,0.008998958096251286
2026-01-09,4490.2998046875,4490.2998046875,4473.0,4473.0,237,4421.199986049107,4328.320003255209,0.9124122433634918
2026-01-12,4604.2998046875,4620.0,4577.7998046875,4579.10009765625,156,4461.014229910715,4342.956656901041,2.538805980861092
2026-01-13,4589.2001953125,4617.10009765625,4578.60009765625,4578.60009765625,239,4500.271414620535,4355.320003255209,-0.32794583357990126
2026-01-14,4626.2998046875,4635.0,4608.2001953125,4610.2998046875,1313,4527.328543526785,4368.220003255208,0.808411221913885
2026-01-15,4616.2998046875,4616.2998046875,4612.89990234375,4612.89990234375,4358,4546.485630580357,4382.543326822916,-0.21615546813174014
2026-01-16,4588.39990234375,4608.0,4588.39990234375,4608.0,352,4566.357073102678,4395.513330078125,-0.604378041378939
2026-01-20,4759.60009765625,4764.0,4661.7998046875,4662.2001953125,175,4610.628487723215,4413.77333984375,3.731152448701147
2026-01-21,4831.7998046875,4872.2998046875,4771.5,4863.5,1706,4659.414202008928,4434.403336588542,1.516928009704066
2026-01-22,4908.7998046875,4908.7998046875,4791.89990234375,4791.89990234375,1175,4702.914202008928,4458.456656901041,1.5936090714126827
2026-01-23,4976.2001953125,4976.2001953125,4936.0,4949.60009765625,169,4758.199916294643,4484.106656901042,1.3730523408316264
2026-01-26,5079.7001953125,5095.60009765625,5052.2001953125,5081.5,180,4822.971400669643,4513.55,2.079900243914934
2026-01-27,5079.89990234375,5079.89990234375,5079.89990234375,5079.89990234375,34,4889.199986049107,4540.029996744792,0.0039314727950712225
2026-01-28,5301.60009765625,5301.60009765625,5301.60009765625,5301.60009765625,112054,4991.085728236607,4573.413330078125,4.364263067668173
2026-01-29,5318.39990234375,5586.2001953125,5097.5,5415.7001953125,23709,5070.914271763393,4607.136653645834,0.31688177867144063
2026-01-30,4713.89990234375,5440.5,4700.0,5376.39990234375,8374,5054.071428571428,4620.783317057291,-11.366200569716556
2026-02-02,4622.5,4855.7998046875,4400.0,4807.7001953125,3588,5013.171456473215,4629.949983723958,-1.9389444883695095
2026-02-03,4903.7001953125,4984.60009765625,4674.2998046875,4680.0,1213,5002.814313616072,4648.756656901041,6.083292489183334
2026-02-04,4920.39990234375,5082.2001953125,4897.89990234375,4923.2998046875,3886,4980.05712890625,4667.389990234375,0.34055318159975645
2026-02-05,4861.39990234375,5012.2998046875,4786.0,5008.7001953125,793,4948.842843191965,4681.283317057291,-1.1990895287168901
2026-02-06,4951.2001953125,4958.5,4655.0,4762.0,1386,4898.785714285715,4696.896663411459,1.8472105725236831
2026-02-09,5050.89990234375,5065.7001953125,4979.10009765625,5017.39990234375,170,4860.571428571428,4715.906656901042,2.0136472592168664
2026-02-10,5003.7998046875,5029.0,5002.7001953125,5013.5,281,4901.985700334822,4731.72998046875,-0.9325090294185823
2026-02-11,5071.60009765625,5111.2998046875,5041.2998046875,5049.89990234375,2681,4966.142857142857,4756.613313802083,1.3549761304446184
2026-02-12,4923.7001953125,5078.10009765625,4892.0,5060.39990234375,484,4969.0,4775.066650390625,-2.9162374693560533
2026-02-13,5022.0,5043.89990234375,4946.2001953125,4953.0,232,4983.514299665178,4798.27998046875,1.9964620262842958
2026-02-17,4882.89990234375,5020.0,4847.7998046875,5020.0,540,4986.585728236607,4817.22998046875,-2.7698147681451624
2026-02-18,4986.5,4987.0,4869.5,4872.2001953125,544,4991.628557477678,4835.549983723959,2.1216920217128177
2026-02-19,4975.89990234375,5014.7001953125,4975.89990234375,5014.7001953125,37,4980.914271763393,4852.006640625,-0.21257590807680637
2026-02-20,5059.2998046875,5072.7001953125,5039.5,5039.5,134,4988.842843191965,4872.339973958334,1.6760767696405443
2026-02-23,5204.7001953125,5211.60009765625,5120.2998046875,5120.2998046875,779,5007.857142857143,4897.506640625,2.8739231956620648
2026-02-24,5155.7998046875,5159.0,5112.7001953125,5158.7998046875,88,5041.014229910715,4919.689973958333,-0.9395428898871239
2026-02-25,5206.39990234375,5206.39990234375,5166.0,5166.0,1772,5067.357073102678,4939.759977213542,0.9814209157276821
2026-02-26,5176.5,5199.2001953125,5143.89990234375,5177.2001953125,1520,5109.299944196428,4959.336637369792,-0.5742913127032345
2026-02-27,5230.5,5280.0,5176.7001953125,5186.7001953125,354,5144.157087053572,4979.476643880208,1.0431758910460776
2026-03-02,5294.39990234375,5405.0,5266.2998046875,5346.60009765625,72,5189.657087053572,5002.07998046875,1.2216786606203955
2026-03-03,5107.39990234375,5303.7998046875,5023.0,5298.7001953125,1776,5196.528529575893,5019.37998046875,-3.532033912232768
2026-03-04,5120.2001953125,5180.2001953125,5117.2001953125,5130.7001953125,679,5184.457101004465,5031.399983723958,0.2506224931178025
2026-03-05,5065.2998046875,5169.5,5054.7001953125,5169.5,1701,5171.528529575893,5039.183317057292,-1.0722313294558417
2026-03-06,5146.10009765625,5146.10009765625,5076.10009765625,5121.0,148,5162.914271763393,5047.093326822916,1.5951729627923683
2026-03-09,5091.5,5160.60009765625,5077.7001953125,5155.0,639,5150.771414620535,5050.936653645834,-1.0609995262454652
2026-03-10,5229.7001953125,5229.7001953125,5137.60009765625,5138.2001953125,4300,5150.657156808035,5055.936653645834,2.714331637287626
2026-03-11,5167.39990234375,5191.2998046875,5167.39990234375,5190.7998046875,633,5132.514299665178,5058.8533203125,-1.1912784794927855
2026-03-12,5115.7998046875,5137.2001953125,5115.7998046875,5137.2001953125,410,5133.714285714285,5052.659977213541,-0.9985698539191068
2026-03-13,5052.5,5117.0,5009.5,5089.60009765625,479,5124.042829241072,5043.796647135417,-1.2373393624492413
2026-03-16,4994.0,5010.60009765625,4994.0,5001.60009765625,130,5113.857142857143,5053.133317057292,-1.1578426521523966
2026-03-17,5001.0,5017.60009765625,4994.2001953125,5017.60009765625,239,5093.128557477678,5065.749983723958,0.1401682018422168
2026-03-18,4889.89990234375,4949.60009765625,4821.7001953125,4949.60009765625,1461,5064.328543526785,5065.289973958334,-2.221557641596683
2026-03-19,4600.7001953125,4830.2998046875,4554.0,4830.2998046875,627,4974.471400669643,5054.633317057292,-5.9142255016843
2026-03-20,4570.39990234375,4686.89990234375,4570.39990234375,4686.89990234375,235,4889.185686383928,5044.933317057292,-0.6586017710874081
2026-03-23,4404.10009765625,4480.39990234375,4100.7998046875,4353.0,544,4787.514299665178,5026.696647135416,-3.6386269963426976
2026-03-24,4399.2998046875,4399.2998046875,4325.2001953125,4338.7001953125,378,4694.199986049107,5004.976643880208,-0.10899600059736114
2026-03-25,4549.7998046875,4551.89990234375,4541.7998046875,4549.0,388,4630.742815290178,4989.843310546875,3.420998947142473
2026-03-26,4375.5,4443.10009765625,4375.5,4441.5,1070,4541.385672433035,4966.639973958333,-3.830933495313904
2026-03-27,4492.0,4492.0,4492.0,4492.0,74348,4484.542829241072,4952.249967447917,2.6625528511027285
2026-03-30,4526.0,4579.10009765625,4413.39990234375,4482.7998046875,10816,4473.871372767857,4935.716634114583,0.756901157613532
2026-03-31,4647.60009765625,4684.10009765625,4508.60009765625,4510.0,4264,4484.899972098215,4927.873307291667,2.6867012297006276
2026-04-01,4783.2001953125,4789.10009765625,4668.0,4668.39990234375,1637,4539.05712890625,4921.096647135417,2.9176369482527553
2026-04-02,4651.5,4784.39990234375,4558.89990234375,4764.89990234375,0,4575.085728236607,4910.283317057291,-2.753390824861668
2026-04-06,4656.7998046875,4689.60009765625,4605.0,4656.10009765625,148,4590.371442522322,4896.866650390625,0.11393754030957215
2026-04-07,4657.10009765625,4676.2998046875,4608.0,4624.89990234375,327,4630.600027901785,4878.613313802083,0.00644848353685834
2026-04-08,4749.5,4851.0,4738.7998046875,4760.0,405,4667.3857421875,4865.069986979167,1.9840651995058467
2026-04-09,4792.2001953125,4799.10009765625,4711.0,4711.0,1277,4705.414341517857,4851.263330078125,0.8990461166964892
2026-04-10,4761.89990234375,4791.0,4744.89990234375,4745.89990234375,812,4721.742885044643,4837.443326822917,-0.6322835385380698
2026-04-13,4742.39990234375,4742.39990234375,4704.0,4704.0,32,4715.914271763393,4821.173323567708,-0.40950041789837854
2026-04-14,4825.0,4841.60009765625,4770.10009765625,4770.10009765625,288,4740.699986049107,4805.52666015625,1.7417362381318302
2026-04-15,4800.0,4843.60009765625,4798.0,4843.60009765625,182,4761.157156808035,4795.279996744792,-0.5181347150259086
2026-04-16,4785.39990234375,4810.89990234375,4785.39990234375,4810.89990234375,805,4779.485700334822,4784.119986979166,-0.30416870117186967
2026-04-17,4857.60009765625,4879.7001953125,4767.2001953125,4771.60009765625,1902,4794.928571428572,4777.196663411459,1.5087599111024863
2026-04-20,4806.60009765625,4811.0,4770.0,4793.89990234375,724,4796.985700334822,4765.879996744791,-1.0499011646637357
2026-04-21,4698.39990234375,4705.0,4676.39990234375,4698.39990234375,1197,4787.914271763393,4752.77666015625,-2.2510754611198003
2026-04-22,4732.5,4754.2001953125,4732.5,4754.2001953125,765,4786.5,4736.2033203125,0.7257810821773569
2026-04-23,4705.10009765625,4732.39990234375,4705.10009765625,4711.5,292,4769.371442522322,4720.793326822916,-0.5789731081616512
2026-04-24,4722.2998046875,4722.2998046875,4657.5,4695.0,45,4758.271414620535,4707.67666015625,0.36555454027040746
2026-04-27,4675.39990234375,4711.10009765625,4675.39990234375,4707.60009765625,538,4742.55712890625,4695.106656901042,-0.9931580857529543
2026-04-28,4591.5,4680.89990234375,4591.5,4680.89990234375,2660,4704.542829241072,4681.689990234375,-1.794496815164226
2026-04-29,4545.2001953125,4601.60009765625,4515.7001953125,4598.60009765625,507,4667.199986049107,4666.496663411458,-1.0083808055646348
2026-04-30,4614.7001953125,4636.7001953125,4561.89990234375,4561.89990234375,77,4655.242885044643,4657.32333984375,1.529085563088639
2026-05-01,4629.89990234375,4636.7001953125,4581.7001953125,4636.7001953125,113,4640.585728236607,4658.296663411458,0.3293758291533111
2026-05-04,4519.5,4581.2001953125,4512.7001953125,4581.2001953125,20,4614.071428571428,4656.6,-2.384498686199743
2026-05-05,4555.7998046875,4580.5,4547.60009765625,4547.60009765625,426,4590.285714285715,4661.656656901042,0.8031818716119021
2026-05-06,4681.89990234375,4712.60009765625,4663.60009765625,4663.60009765625,212,4591.214285714285,4671.07666015625,2.7679025212324904
2026-05-07,4699.7998046875,4736.2001953125,4699.7998046875,4704.7998046875,254,4606.685686383928,4676.07666015625,0.38232133785665035
2026-05-08,4720.39990234375,4724.7998046875,4713.60009765625,4714.39990234375,120,4631.714215959822,4687.573323567708,0.43831862020387025
2026-05-11,4718.7001953125,4729.5,4718.7001953125,4729.5,36,4646.571358816965,4695.129996744791,-0.03600769143322635
2026-05-12,4677.60009765625,4765.2001953125,4677.60009765625,4762.2001953125,93,4653.385672433035,4700.183333333333,-0.8710046401565918
2026-05-13,4697.7001953125,4722.7001953125,4679.5,4722.7001953125,228,4678.842843191965,4701.853336588541,0.42970962110080446
2026-05-14,4678.10009765625,4678.10009765625,4650.2998046875,4678.10009765625,5,4696.314313616072,4698.35,-0.41722751221560106
2026-05-15,4555.7998046875,4615.2001953125,4524.2998046875,4615.2001953125,607,4678.300013950893,4695.159993489583,-2.614315436089598
2026-05-18,4552.5,4570.2998046875,4538.7001953125,4563.0,38,4657.257184709822,4691.683333333333,-0.0724308536144358
2026-05-19,4506.2998046875,4552.60009765625,4506.2001953125,4551.7001953125,875,4626.671456473215,4686.656656901042,-1.014831308347064
2026-05-20,4531.2998046875,4531.2998046875,4465.10009765625,4502.60009765625,875,4599.899972098215,4679.383317057292,0.5547788891896444
